timestamp_panama,timestamp_utc,open,high,low,close,volume_BTC,taker_buy_BTC,taker_sell_BTC,delta_BTC,delta_volume_ratio,OI_start_BTC,OI_end_BTC,dOI_BTC,bar_count,position_relative_to_LR
2026-09-19 23:00:00,2026-09-20T04:00:00.000Z,80411.9,80618,80188,80286.3,11537.859000000002,5427.027,6110.8319999999985,-683.8049999999998,-0.05926619488069664,109228.911,109232.531,3.6200000000098953,180,BELOW_LR
2026-09-20 03:00:00,2026-09-20T08:00:00.000Z,80286.4,80555,80127.6,80448.4,9523.727,4847.595000000002,4676.131999999999,171.46299999999997,0.018003771002675733,109283.332,108947.393,-335.9389999999985,240,BELOW_LR
2026-09-20 07:00:00,2026-09-20T12:00:00.000Z,80448.3,80937,80287.7,80871.4,13893.104000000005,7949.794000000004,5943.31,2006.4839999999997,0.14442301734731122,108940.755,108785.967,-154.78800000000047,240,BELOW_LR
2026-09-20 11:00:00,2026-09-20T16:00:00.000Z,80871.4,81472.6,80767.7,81144,21937.093999999997,11022.502000000002,10914.591999999986,107.90999999999978,0.004919065396720267,108755.326,107338.486,-1416.8399999999965,240,BELOW_LR
2026-09-20 15:00:00,2026-09-20T20:00:00.000Z,81144,81311,80533.6,81143.9,13234.870000000008,6264.9820000000045,6969.887999999999,-704.9059999999998,-0.05326127117228952,107319.792,107781.514,461.7219999999943,240,BELOW_LR
2026-09-20 19:00:00,2026-09-21T00:00:00.000Z,81144,82099.9,80819.4,81403.7,36767.289,18914.460999999978,17852.827999999998,1061.633,0.028874388862339024,107777.74,108209.138,431.39800000000105,240,BELOW_LR
2026-09-20 23:00:00,2026-09-21T04:00:00.000Z,81403.7,81857.1,81199.9,81699.9,15356.873000000001,7259.867000000002,8097.005999999994,-837.1389999999999,-0.05451233464000124,108224.538,109661.511,1436.9729999999981,240,BELOW_LR
2026-09-21 03:00:00,2026-09-21T08:00:00.000Z,81700,85285,81697.2,84849.9,98708.6380000001,55052.97000000003,43655.66800000004,11397.301999999987,0.11546407924299366,109752.972,110197.775,444.8029999999999,240,TOUCH/CROSS_LR
2026-09-21 07:00:00,2026-09-21T12:00:00.000Z,84849.9,86340,84724.9,85877.5,77726.48000000004,39097.44599999998,38629.03400000002,468.4119999999998,0.006026414678755548,110196.805,110626.409,429.60400000000664,240,ABOVE_LR
2026-09-21 11:00:00,2026-09-21T16:00:00.000Z,85877.4,86874,85562.1,86454.3,35939.717999999986,18320.780000000017,17618.93800000001,701.8420000000006,0.01952831126832995,110573.409,110240.978,-332.43099999999686,240,ABOVE_LR
2026-09-21 15:00:00,2026-09-21T20:00:00.000Z,86454.2,87385.1,86252.9,86578.7,26206.52500000001,13688.026999999993,12518.498,1169.5290000000011,0.04462739718447985,110231.019,109166.259,-1064.7599999999948,240,ABOVE_LR
2026-09-21 19:00:00,2026-09-22T00:00:00.000Z,86578.8,86592.8,85268,85656.6,31450.557000000015,13844.714999999998,17605.841999999993,-3761.1269999999995,-0.11958856563335261,109189.231,109518.004,328.77300000000105,240,ABOVE_LR
2026-09-21 23:00:00,2026-09-22T04:00:00.000Z,85656.5,85710.6,85080,85324.7,25515.645999999993,11333.838999999994,14181.806999999999,-2847.9680000000008,-0.11161653520353752,109917.995,110150.328,232.33299999999872,240,ABOVE_LR
2026-09-22 03:00:00,2026-09-22T08:00:00.000Z,85324.7,86365.5,85287.2,85950.1,33677.72400000002,17167.238,16510.485999999997,656.7520000000005,0.019501080298656766,110210.93,109392.79,-818.1399999999994,240,ABOVE_LR
2026-09-22 07:00:00,2026-09-22T12:00:00.000Z,85950.1,86699.9,85405.9,86367.4,36756.97500000001,18174.569,18582.406,-407.83700000000016,-0.011095499561647824,109357.2,109566.552,209.35199999999895,240,ABOVE_LR
2026-09-22 11:00:00,2026-09-22T16:00:00.000Z,86367.4,86615,86025,86146.1,29961.496999999963,12289.160999999996,17672.33599999999,-5383.175000000002,-0.17966976082670397,109548.024,107349.617,-2198.4070000000065,240,ABOVE_LR
2026-09-22 15:00:00,2026-09-22T20:00:00.000Z,86146.2,86473.6,85948.5,86158.6,12096.005000000008,6077.3240000000005,6018.681000000002,58.64299999999985,0.004848129609734768,107279.236,106746.958,-532.2780000000057,240,ABOVE_LR
2026-09-22 19:00:00,2026-09-23T00:00:00.000Z,86158.6,86963.4,86089.9,86664,18640.25699999999,9726.478000000001,8913.779000000002,812.6990000000001,0.04359913063430405,106719.998,106850.885,130.8869999999879,240,ABOVE_LR
2026-09-22 23:00:00,2026-09-23T04:00:00.000Z,86663.9,87247.3,85951.2,86100,27444.985000000004,12787.988000000001,14656.99699999999,-1869.009,-0.06810020118429651,106548.06,105937.996,-610.0639999999985,240,ABOVE_LR
2026-09-23 03:00:00,2026-09-23T08:00:00.000Z,86100,86232.9,85381.4,85622.8,25671.055999999986,12428.532000000007,13242.524000000003,-813.9919999999995,-0.031708551451876385,105987.95,106273.102,285.15200000000186,240,ABOVE_LR
2026-09-23 07:00:00,2026-09-23T12:00:00.000Z,85622.7,85908.5,83813.8,83961.2,91081.14899999999,43733.095000000016,47348.053999999975,-3614.9589999999976,-0.039689431234557634,106267.456,100485.628,-5781.828000000009,240,ABOVE_LR
2026-09-23 11:00:00,2026-09-23T16:00:00.000Z,83961.1,84524,83450.1,84466.9,37014.515000000036,18168.202000000016,18846.313000000016,-678.1110000000008,-0.018320137383942493,100520.506,98853.976,-1666.5299999999988,240,ABOVE_LR
2026-09-23 15:00:00,2026-09-23T20:00:00.000Z,84466.9,84638.5,84169.4,84355.1,9157.792000000005,4529.995000000001,4627.797000000003,-97.80199999999996,-0.010679648544103198,98852.025,98501.477,-350.5479999999952,240,ABOVE_LR
2026-09-23 19:00:00,2026-09-24T00:00:00.000Z,84355.2,84457.5,83708,83902.3,17222.065000000002,8055.979999999998,9166.085000000003,-1110.1050000000002,-0.06445829811930219,98503.139,98362.162,-140.97699999999895,240,ABOVE_LR
2026-09-23 23:00:00,2026-09-24T04:00:00.000Z,83902.4,84561.8,83742,84468,18043.590000000007,10419.043999999994,7624.546,2794.497999999998,0.15487483366669252,98377.56,97722.247,-655.3129999999946,240,ABOVE_LR
2026-09-24 03:00:00,2026-09-24T08:00:00.000Z,84468,84584.6,82832,83451.1,41814.58900000005,18933.72399999999,22880.865000000005,-3947.1410000000014,-0.09439626442340487,97525.592,96285.941,-1239.650999999998,240,TOUCH/CROSS_LR
2026-09-24 07:00:00,2026-09-24T12:00:00.000Z,83451.1,84901.6,83301,84374.4,46503.88500000002,24068.250000000004,22435.634999999995,1632.615,0.03510706686118804,96290.772,96064.852,-225.91999999999825,240,ABOVE_LR
2026-09-24 11:00:00,2026-09-24T16:00:00.000Z,84374.4,84883.6,83833.4,84367.9,25635.065000000024,12425.302999999994,13209.762000000006,-784.4590000000001,-0.030601014664874044,96002.509,95159.852,-842.6570000000065,240,ABOVE_LR
2026-09-24 15:00:00,2026-09-24T20:00:00.000Z,84367.9,84453.4,83903.1,84370,9867.625000000002,4638.565999999997,5229.059000000001,-590.4929999999998,-0.05984145121039761,96012.487,95886.566,-125.92099999998754,240,ABOVE_LR
2026-09-24 19:00:00,2026-09-25T00:00:00.000Z,84370.1,84855,84026,84201.1,17405.796000000002,8736.642000000003,8669.154000000002,67.4879999999999,0.0038773291379492147,95872.91,96588.857,715.9470000000001,240,ABOVE_LR
2026-09-24 23:00:00,2026-09-25T04:00:00.000Z,84201,84310.6,83683.7,83994.7,17227.292999999998,7735.229999999998,9492.063000000004,-1756.8329999999999,-0.10197963197119826,96586.49,96259.413,-327.0770000000048,240,ABOVE_LR
2026-09-25 03:00:00,2026-09-25T08:00:00.000Z,83994.7,85224,83973.5,84533.4,27783.95699999999,13703.220999999996,14080.736000000008,-377.5150000000003,-0.013587517429572774,96440.679,95730.931,-709.7480000000069,240,ABOVE_LR
2026-09-25 07:00:00,2026-09-25T12:00:00.000Z,84533.4,84660,83130.1,83767,47911.541999999994,23052.621,24858.920999999995,-1806.2999999999988,-0.03770072772861285,95758.736,95885.127,126.39099999998871,240,TOUCH/CROSS_LR
2026-09-25 11:00:00,2026-09-25T16:00:00.000Z,83767,84090.2,83585.1,83971.4,14515.595000000001,7486.907999999997,7028.6870000000035,458.2210000000007,0.03156749688869114,95832.295,95365.352,-466.9429999999993,240,ABOVE_LR
2026-09-25 15:00:00,2026-09-25T20:00:00.000Z,83971.4,84154.9,83587,84056,9182.651,4263.149,4919.502000000001,-656.3530000000004,-0.07147750687682679,95344.844,95215.346,-129.49799999999232,240,ABOVE_LR
2026-09-25 19:00:00,2026-09-26T00:00:00.000Z,84056,84106.8,83750,83908.6,6591.318999999999,3116.722999999999,3474.5960000000027,-357.87299999999965,-0.054294595664388226,95211.408,94858.05,-353.3579999999929,240,ABOVE_LR
2026-09-25 23:00:00,2026-09-26T04:00:00.000Z,83908.6,84097.9,83794.2,84075.1,5118.553000000005,2788.2289999999985,2330.3240000000005,457.9049999999999,0.08945985320460674,94881.554,94846.736,-34.8179999999993,240,ABOVE_LR
2026-09-26 03:00:00,2026-09-26T08:00:00.000Z,84075,84296.6,83920,84134.4,6599.448,3413.208000000002,3186.2400000000025,226.96800000000016,0.03439196732817656,94793.864,94721.373,-72.49099999999453,240,ABOVE_LR
2026-09-26 07:00:00,2026-09-26T12:00:00.000Z,84134.3,84158,83785.4,84112.5,6105.901999999997,2680.0050000000006,3425.8969999999995,-745.8919999999996,-0.12215918303307192,94714.983,94910.034,195.05100000000675,240,ABOVE_LR
2026-09-26 11:00:00,2026-09-26T16:00:00.000Z,84112.6,84130.1,83927.5,83985.3,3504.971,1691.5529999999999,1813.4180000000003,-121.86499999999985,-0.0347691892457883,94905.502,94514.246,-391.25599999999395,240,ABOVE_LR
2026-09-26 15:00:00,2026-09-26T20:00:00.000Z,83985.3,84458.6,83778.4,84403.3,8418.918,4836.965000000001,3581.953,1255.0119999999993,0.1490704624988626,94512.333,94394.863,-117.47000000000116,240,ABOVE_LR
2026-09-26 19:00:00,2026-09-27T00:00:00.000Z,84403.2,84559.6,84214.5,84356.2,5241.2699999999995,2665.2309999999993,2576.0389999999993,89.1920000000002,0.01701724963606153,94517.662,94163.44,-354.2219999999943,240,ABOVE_LR
2026-09-26 23:00:00,2026-09-27T04:00:00.000Z,84356.2,84760.5,84259.2,84751.2,7722.248000000001,4363.486,3358.762000000001,1004.7239999999999,0.13010770956850903,94134.015,94510.705,376.6900000000023,240,ABOVE_LR
2026-09-27 03:00:00,2026-09-27T08:00:00.000Z,84751.3,85095,84550,84857.5,13202.796000000006,6708.502000000005,6494.293999999998,214.20799999999997,0.016224442156040273,94701.056,94562.886,-138.16999999999825,240,ABOVE_LR
2026-09-27 07:00:00,2026-09-27T12:00:00.000Z,84857.4,85146.4,84266,84426.9,18958.284999999996,8680.566999999994,10277.718000000003,-1597.1510000000007,-0.08424554225237152,94565.256,94437.315,-127.94099999999162,240,ABOVE_LR
2026-09-27 11:00:00,2026-09-27T16:00:00.000Z,84426.9,84810.8,84288.5,84696.9,9508.159,4623.244999999999,4884.913999999997,-261.669,-0.027520469525173064,94511.043,94697.588,186.54499999999825,240,ABOVE_LR
2026-09-27 15:00:00,2026-09-27T20:00:00.000Z,84696.8,84779.9,84074.3,84432.9,11956.864000000007,5735.561999999999,6221.302000000001,-485.74000000000046,-0.040624364381831236,94711.258,94101.226,-610.0320000000065,240,ABOVE_LR
2026-09-27 19:00:00,2026-09-28T00:00:00.000Z,84433,84966.8,83166.6,83302.6,32107.032999999996,14867.012999999999,17240.02,-2373.0070000000005,-0.07390925844814128,94143.007,95906.835,1763.8280000000086,240,TOUCH/CROSS_LR
2026-09-27 23:00:00,2026-09-28T04:00:00.000Z,83302.5,83498.6,82617.8,82914.4,25136.190000000006,12401.204999999994,12734.985000000013,-333.77999999999906,-0.013278862070982077,95878.962,95882.971,4.0090000000054715,240,TOUCH/CROSS_LR
2026-09-28 03:00:00,2026-09-28T08:00:00.000Z,82914.4,83120,82551.6,83054.5,21312.568,11062.947,10249.621000000003,813.3259999999995,0.0381618019940159,95957.058,96270.131,313.0729999999894,240,TOUCH/CROSS_LR
2026-09-28 07:00:00,2026-09-28T12:00:00.000Z,83054.5,83794.9,82500.1,83328.4,40063.10799999998,18416.396,21646.712000000014,-3230.3159999999984,-0.08063068896202462,96244.199,94945.935,-1298.2639999999956,240,TOUCH/CROSS_LR
2026-09-28 11:00:00,2026-09-28T16:00:00.000Z,83328.4,84350,83066,83343.9,30328.457999999995,15736.398999999996,14592.059000000005,1144.3400000000001,0.03773155892066785,94892.447,92946.497,-1945.949999999997,240,TOUCH/CROSS_LR
2026-09-28 15:00:00,2026-09-28T20:00:00.000Z,83344,83625,83057,83461,8491.813999999998,4125.071000000001,4366.743000000002,-241.67200000000005,-0.028459408084067796,92905.981,92794.665,-111.31600000000617,240,TOUCH/CROSS_LR
2026-09-28 19:00:00,2026-09-29T00:00:00.000Z,83461.1,83588.9,82724.3,83034.1,15307.645999999999,7573.931000000004,7733.715,-159.78399999999982,-0.010438182330581712,92799.765,93024.568,224.80299999999988,240,TOUCH/CROSS_LR
2026-09-28 23:00:00,2026-09-29T04:00:00.000Z,83034.1,84164,82926.2,83947,17866.462999999996,9412.736000000004,8453.727000000004,959.0090000000015,0.053676488737586264,92977.008,92784.447,-192.5610000000015,240,TOUCH/CROSS_LR
2026-09-29 03:00:00,2026-09-29T08:00:00.000Z,83947,84465.3,83728,84310.8,20497.212999999996,10330.993999999997,10166.218999999996,164.7749999999997,0.00803889777600495,92770.696,93180.151,409.45500000000175,240,ABOVE_LR
2026-09-29 07:00:00,2026-09-29T12:00:00.000Z,84310.9,84554.9,82880.6,83039.2,39905.55299999999,19515.843000000008,20389.71,-873.8669999999996,-0.021898380909544088,93171.78,93066.218,-105.56200000000536,240,TOUCH/CROSS_LR
2026-09-29 11:00:00,2026-09-29T16:00:00.000Z,83039.3,83673,82851.5,83620.7,17287.24599999999,9060.418999999996,8226.826999999997,833.5919999999996,0.048220057723480085,93116.388,93155.174,38.78599999999278,186,TOUCH/CROSS_LR
