timestamp,timestamp_epoch_ms,open,high,low,close,total_volume,cumulative_delta,delta_volume_ratio,OI_start,OI_end,dOI,oi_source,oi_interval,position_relative_to_lr
2026-09-28 00:00:00,1790571600000,83446.0,83494.7,83336.2,83346.3,373.613,-13.599,0.03639862638612682,95841.605,95841.605,,Binance Futures /futures/data/openInterestHist,5m,ABOVE_LR
2026-09-28 00:05:00,1790571900000,83346.3,83398.5,83315.8,83320.0,222.146,62.80599999999999,0.28272397432319285,95811.447,95811.447,-30.15799999999581,Binance Futures /futures/data/openInterestHist,5m,ABOVE_LR
2026-09-28 00:10:00,1790572200000,83320.1,83330.2,83202.1,83292.7,549.422,-78.45200000000003,0.14279005937148498,95775.896,95775.896,-35.55100000000675,Binance Futures /futures/data/openInterestHist,5m,CROSSES_UPPER_BOUNDARY
2026-09-28 00:15:00,1790572500000,83292.7,83315.3,83150.0,83205.1,983.361,-251.31300000000002,0.2555653518900994,95806.739,95806.739,30.843000000008033,Binance Futures /futures/data/openInterestHist,5m,INSIDE_LR
2026-09-28 00:20:00,1790572800000,83205.0,83237.4,82936.1,83017.1,2629.116,-968.5039999999999,0.3683762907380275,95860.89,95860.89,54.15099999999802,Binance Futures /futures/data/openInterestHist,5m,INSIDE_LR
2026-09-28 00:25:00,1790573100000,83017.1,83099.2,82964.2,83031.3,925.336,-15.23799999999994,0.016467531793856436,95500.944,95500.944,-359.9459999999963,Binance Futures /futures/data/openInterestHist,5m,INSIDE_LR
2026-09-28 00:30:00,1790573400000,83031.3,83047.0,82877.5,82879.0,1233.949,-462.817,0.37506979623955283,95529.026,95529.026,28.081999999994878,Binance Futures /futures/data/openInterestHist,5m,BELOW_LR
2026-09-28 00:35:00,1790573700000,82879.1,82909.0,82617.8,82730.2,2765.9669999999996,-744.6869999999999,0.269232062421569,95528.511,95528.511,-0.5149999999994179,Binance Futures /futures/data/openInterestHist,5m,BELOW_LR
2026-09-28 00:40:00,1790574000000,82730.2,83113.4,82723.0,83103.1,1425.733,561.0089999999999,0.39348812154870505,95458.527,95458.527,-69.98399999999674,Binance Futures /futures/data/openInterestHist,5m,INSIDE_LR
2026-09-28 00:45:00,1790574300000,83103.1,83159.0,83021.3,83099.8,822.471,128.781,0.15657816506600233,95400.882,95400.882,-57.645000000004075,Binance Futures /futures/data/openInterestHist,5m,INSIDE_LR
2026-09-28 00:50:00,1790574600000,83099.8,83099.8,83003.7,83095.5,527.4979999999999,131.25599999999997,0.24882748370609933,95475.489,95475.489,74.60700000000361,Binance Futures /futures/data/openInterestHist,5m,INSIDE_LR
2026-09-28 00:55:00,1790574900000,83095.4,83152.2,83069.5,83140.1,296.894,129.012,0.4345389263508188,95585.694,95585.694,110.20500000000175,Binance Futures /futures/data/openInterestHist,5m,INSIDE_LR
2026-09-28 01:00:00,1790575200000,83140.1,83159.8,83096.0,83107.6,387.459,51.087000000000025,0.13185137008044728,95611.76,95611.76,26.065999999991618,Binance Futures /futures/data/openInterestHist,5m,INSIDE_LR
2026-09-28 01:05:00,1790575500000,83107.6,83200.0,83107.6,83193.4,632.884,177.844,0.28100568192591374,95609.261,95609.261,-2.4989999999961583,Binance Futures /futures/data/openInterestHist,5m,INSIDE_LR
2026-09-28 01:10:00,1790575800000,83193.4,83255.0,83193.4,83207.2,1001.1890000000001,531.5709999999999,0.5309397126816214,95656.247,95656.247,46.986000000004424,Binance Futures /futures/data/openInterestHist,5m,INSIDE_LR
2026-09-28 01:15:00,1790576100000,83207.2,83216.5,83140.0,83140.0,300.942,8.737999999999996,0.029035495211701907,95450.318,95450.318,-205.92900000000373,Binance Futures /futures/data/openInterestHist,5m,INSIDE_LR
2026-09-28 01:20:00,1790576400000,83140.0,83166.9,83050.0,83050.0,348.289,-104.59099999999998,0.3002994639509143,95475.462,95475.462,25.144000000000233,Binance Futures /futures/data/openInterestHist,5m,INSIDE_LR
2026-09-28 01:25:00,1790576700000,83050.0,83089.7,83013.8,83020.4,298.053,-130.07500000000002,0.4364156710383724,95456.173,95456.173,-19.289000000004307,Binance Futures /futures/data/openInterestHist,5m,INSIDE_LR
2026-09-28 01:30:00,1790577000000,83020.5,83129.2,83002.9,83097.1,389.36699999999996,2.3130000000000166,0.0059404109747359605,95422.12,95422.12,-34.052999999999884,Binance Futures /futures/data/openInterestHist,5m,INSIDE_LR
2026-09-28 01:35:00,1790577300000,83097.2,83119.4,83059.2,83070.2,133.32999999999998,-11.226000000000003,0.08419710492762322,95490.128,95490.128,68.00800000000163,Binance Futures /futures/data/openInterestHist,5m,INSIDE_LR
2026-09-28 01:40:00,1790577600000,83070.3,83184.2,83055.0,83145.1,353.552,8.572000000000017,0.024245372675023805,95504.635,95504.635,14.506999999997788,Binance Futures /futures/data/openInterestHist,5m,INSIDE_LR
2026-09-28 01:45:00,1790577900000,83145.1,83192.7,83121.0,83143.7,269.267,18.375000000000007,0.06824081673580501,95527.238,95527.238,22.603000000002794,Binance Futures /futures/data/openInterestHist,5m,INSIDE_LR
2026-09-28 01:50:00,1790578200000,83143.7,83159.1,83085.3,83093.0,213.16899999999998,-69.251,0.32486430953844136,95558.842,95558.842,31.604000000006636,Binance Futures /futures/data/openInterestHist,5m,INSIDE_LR
2026-09-28 01:55:00,1790578500000,83093.1,83124.9,83082.7,83124.9,100.241,23.684999999999995,0.2362805638411428,95585.588,95585.588,26.745999999999185,Binance Futures /futures/data/openInterestHist,5m,INSIDE_LR
2026-09-28 02:00:00,1790578800000,83124.9,83250.0,83124.8,83222.9,381.295,109.15900000000002,0.28628489752029274,95582.478,95582.478,-3.110000000000582,Binance Futures /futures/data/openInterestHist,5m,INSIDE_LR
2026-09-28 02:05:00,1790579100000,83222.9,83222.9,83077.0,83096.5,244.908,-28.472,0.11625590017475951,95572.968,95572.968,-9.510000000009313,Binance Futures /futures/data/openInterestHist,5m,INSIDE_LR
2026-09-28 02:10:00,1790579400000,83096.4,83128.0,83020.0,83051.1,222.57,-55.05800000000001,0.24737385990924207,95576.906,95576.906,3.938000000009197,Binance Futures /futures/data/openInterestHist,5m,INSIDE_LR
2026-09-28 02:15:00,1790579700000,83051.1,83120.8,83035.2,83110.6,147.67,17.696000000000005,0.11983476670955513,95549.804,95549.804,-27.101999999998952,Binance Futures /futures/data/openInterestHist,5m,INSIDE_LR
2026-09-28 02:20:00,1790580000000,83110.6,83120.9,82926.3,82929.9,556.255,-185.01500000000001,0.33260824621801155,95565.711,95565.711,15.906999999991967,Binance Futures /futures/data/openInterestHist,5m,BELOW_LR
2026-09-28 02:25:00,1790580300000,82929.9,83010.3,82901.4,82911.1,340.085,-34.15700000000001,0.10043665554199689,95515.544,95515.544,-50.16700000000128,Binance Futures /futures/data/openInterestHist,5m,BELOW_LR
2026-09-28 02:30:00,1790580600000,82911.1,82969.0,82888.0,82959.9,490.97900000000004,115.515,0.23527482845498482,95469.638,95469.638,-45.905999999988126,Binance Futures /futures/data/openInterestHist,5m,BELOW_LR
2026-09-28 02:35:00,1790580900000,82960.0,83018.4,82878.7,82887.0,492.18600000000004,91.00999999999999,0.1849097698837431,95572.108,95572.108,102.46999999998661,Binance Futures /futures/data/openInterestHist,5m,BELOW_LR
2026-09-28 02:40:00,1790581200000,82887.0,82964.6,82870.0,82905.7,486.253,56.51099999999996,0.11621727783684617,95646.962,95646.962,74.85400000000664,Binance Futures /futures/data/openInterestHist,5m,BELOW_LR
2026-09-28 02:45:00,1790581500000,82905.8,82996.7,82889.2,82940.4,390.794,130.694,0.33443195136056336,95715.981,95715.981,69.01900000000023,Binance Futures /futures/data/openInterestHist,5m,BELOW_LR
2026-09-28 02:50:00,1790581800000,82940.3,83011.8,82920.1,83011.8,471.688,170.11400000000003,0.3606494123234003,95755.919,95755.919,39.937999999994645,Binance Futures /futures/data/openInterestHist,5m,CROSSES_LOWER_BOUNDARY
2026-09-28 02:55:00,1790582100000,83011.7,83088.1,82899.0,82914.4,590.1220000000001,-10.13199999999999,0.01716933108747003,95882.971,95882.971,127.0520000000106,Binance Futures /futures/data/openInterestHist,5m,BELOW_LR
2026-09-28 03:00:00,1790582400000,82914.4,83120.0,82875.9,83062.9,745.59,62.27599999999998,0.0835257983610295,95957.058,95957.058,74.08699999999953,Binance Futures /futures/data/openInterestHist,5m,INSIDE_LR
2026-09-28 03:05:00,1790582700000,83062.8,83062.8,82901.2,82955.5,502.78700000000003,-132.535,0.26360068975530393,96004.677,96004.677,47.6189999999915,Binance Futures /futures/data/openInterestHist,5m,BELOW_LR
2026-09-28 03:10:00,1790583000000,82955.4,83000.0,82906.0,82990.2,492.726,-72.75799999999998,0.14766421905886837,95896.072,95896.072,-108.60499999999593,Binance Futures /futures/data/openInterestHist,5m,BELOW_LR
2026-09-28 03:15:00,1790583300000,82990.2,83015.6,82890.0,82909.5,473.774,-108.35200000000002,0.22869975980108664,95751.093,95751.093,-144.97900000000664,Binance Futures /futures/data/openInterestHist,5m,BELOW_LR
2026-09-28 03:20:00,1790583600000,82909.5,82909.5,82775.0,82787.9,923.1859999999999,-257.166,0.2785635830699339,95610.384,95610.384,-140.708999999988,Binance Futures /futures/data/openInterestHist,5m,BELOW_LR
2026-09-28 03:25:00,1790583900000,82787.9,82907.4,82781.3,82809.7,536.979,-35.20300000000002,0.06555749852415088,95490.476,95490.476,-119.90800000001036,Binance Futures /futures/data/openInterestHist,5m,BELOW_LR
2026-09-28 03:30:00,1790584200000,82809.8,82931.7,82809.8,82918.8,366.395,170.54500000000002,0.46546759644645813,95540.827,95540.827,50.35100000000966,Binance Futures /futures/data/openInterestHist,5m,BELOW_LR
2026-09-28 03:35:00,1790584500000,82918.8,82934.5,82725.5,82845.1,525.684,-132.08999999999997,0.25127262766224573,95598.9,95598.9,58.072999999989406,Binance Futures /futures/data/openInterestHist,5m,BELOW_LR
2026-09-28 03:40:00,1790584800000,82845.1,82888.9,82811.2,82888.8,318.04200000000003,-23.623999999999995,0.0742794976764075,95630.886,95630.886,31.986000000004424,Binance Futures /futures/data/openInterestHist,5m,BELOW_LR
2026-09-28 03:45:00,1790585100000,82888.9,82952.8,82865.3,82884.1,356.211,-17.973000000000013,0.05045604992546556,95591.849,95591.849,-39.036999999996624,Binance Futures /futures/data/openInterestHist,5m,BELOW_LR
2026-09-28 03:50:00,1790585400000,82884.1,82994.7,82884.0,82955.2,371.729,25.537000000000013,0.06869789550990107,95577.807,95577.807,-14.04200000000128,Binance Futures /futures/data/openInterestHist,5m,BELOW_LR
2026-09-28 03:55:00,1790585700000,82955.2,82975.3,82920.8,82931.1,232.98100000000002,27.34299999999999,0.11736150158167398,95548.451,95548.451,-29.355999999999767,Binance Futures /futures/data/openInterestHist,5m,BELOW_LR
2026-09-28 04:00:00,1790586000000,82931.0,82979.4,82705.7,82741.8,841.21,58.22600000000001,0.0692169612819629,95568.874,95568.874,20.422999999995227,Binance Futures /futures/data/openInterestHist,5m,BELOW_LR
2026-09-28 04:05:00,1790586300000,82741.9,82762.5,82551.6,82603.0,1791.6539999999998,-300.8439999999999,0.16791411734631795,95653.905,95653.905,85.03100000000268,Binance Futures /futures/data/openInterestHist,5m,BELOW_LR
2026-09-28 04:10:00,1790586600000,82603.0,82853.1,82580.1,82853.1,646.431,221.26699999999994,0.3422902057605528,95621.404,95621.404,-32.50100000000384,Binance Futures /futures/data/openInterestHist,5m,BELOW_LR
2026-09-28 04:15:00,1790586900000,82853.0,82942.6,82790.4,82896.3,533.8810000000001,21.695000000000007,0.040636396500343716,95629.805,95629.805,8.400999999998021,Binance Futures /futures/data/openInterestHist,5m,BELOW_LR
2026-09-28 04:20:00,1790587200000,82896.3,82942.6,82822.7,82825.1,433.032,20.303999999999995,0.046887989802139325,95672.568,95672.568,42.763000000006286,Binance Futures /futures/data/openInterestHist,5m,BELOW_LR
2026-09-28 04:25:00,1790587500000,82825.1,82835.3,82729.2,82796.3,418.673,43.30299999999998,0.10342916787086816,95666.712,95666.712,-5.855999999999767,Binance Futures /futures/data/openInterestHist,5m,BELOW_LR
2026-09-28 04:30:00,1790587800000,82796.2,82828.5,82688.1,82692.0,317.64599999999996,-14.02600000000001,0.04415607311283634,95708.78,95708.78,42.0679999999993,Binance Futures /futures/data/openInterestHist,5m,BELOW_LR
2026-09-28 04:35:00,1790588100000,82692.0,82704.5,82552.5,82594.9,792.198,-79.25599999999997,0.10004569564679534,95723.618,95723.618,14.838000000003376,Binance Futures /futures/data/openInterestHist,5m,BELOW_LR
2026-09-28 04:40:00,1790588400000,82594.9,82643.3,82576.2,82603.5,405.077,7.549000000000007,0.01863596303912591,95801.836,95801.836,78.21799999999348,Binance Futures /futures/data/openInterestHist,5m,BELOW_LR
2026-09-28 04:45:00,1790588700000,82603.6,82735.0,82597.9,82724.9,366.131,126.959,0.34675840068172326,95845.594,95845.594,43.75800000000163,Binance Futures /futures/data/openInterestHist,5m,BELOW_LR
2026-09-28 04:50:00,1790589000000,82724.8,82752.1,82584.7,82587.8,341.444,-100.20400000000002,0.293471257365776,95895.229,95895.229,49.63500000000931,Binance Futures /futures/data/openInterestHist,5m,BELOW_LR
2026-09-28 04:55:00,1790589300000,82587.7,82640.0,82587.7,82640.0,241.458,95.636,0.39607716455863956,95910.564,95910.564,15.334999999991851,Binance Futures /futures/data/openInterestHist,5m,BELOW_LR
2026-09-28 05:00:00,1790589600000,82640.0,82847.7,82640.0,82808.6,507.89200000000005,104.90599999999995,0.20655178660030074,95961.038,95961.038,50.47400000000198,Binance Futures /futures/data/openInterestHist,5m,BELOW_LR
2026-09-28 05:05:00,1790589900000,82808.6,82808.7,82680.0,82726.4,232.14499999999998,-45.18699999999999,0.19464989553942577,95995.166,95995.166,34.12799999999697,Binance Futures /futures/data/openInterestHist,5m,BELOW_LR
2026-09-28 05:10:00,1790590200000,82726.5,82739.2,82642.0,82739.1,246.109,63.86900000000001,0.25951509290598884,95994.968,95994.968,-0.19800000000395812,Binance Futures /futures/data/openInterestHist,5m,BELOW_LR
2026-09-28 05:15:00,1790590500000,82739.2,82805.0,82720.0,82720.1,174.84900000000002,35.17100000000001,0.2011507071816253,96048.577,96048.577,53.60900000001129,Binance Futures /futures/data/openInterestHist,5m,BELOW_LR
2026-09-28 05:20:00,1790590800000,82720.0,82788.0,82702.7,82788.0,131.256,40.80799999999999,0.3109038824891814,96046.934,96046.934,-1.643000000010943,Binance Futures /futures/data/openInterestHist,5m,BELOW_LR
2026-09-28 05:25:00,1790591100000,82787.9,82827.7,82757.6,82787.7,193.951,19.37300000000001,0.09988605369397431,96043.602,96043.602,-3.3319999999948777,Binance Futures /futures/data/openInterestHist,5m,BELOW_LR
2026-09-28 05:30:00,1790591400000,82787.8,82847.0,82746.2,82841.5,145.38,39.00000000000001,0.26826248452331825,96013.15,96013.15,-30.452000000004773,Binance Futures /futures/data/openInterestHist,5m,BELOW_LR
2026-09-28 05:35:00,1790591700000,82841.6,82910.8,82841.5,82908.6,380.759,127.581,0.33507021501789847,96011.419,96011.419,-1.7309999999997672,Binance Futures /futures/data/openInterestHist,5m,BELOW_LR
2026-09-28 05:40:00,1790592000000,82908.7,82933.8,82900.0,82921.1,338.64599999999996,95.278,0.281349846152029,95932.052,95932.052,-79.36699999999837,Binance Futures /futures/data/openInterestHist,5m,BELOW_LR
2026-09-28 05:45:00,1790592300000,82921.1,82921.1,82825.1,82868.9,667.127,14.549000000000007,0.021808441271302176,95877.037,95877.037,-55.01499999999942,Binance Futures /futures/data/openInterestHist,5m,BELOW_LR
2026-09-28 05:50:00,1790592600000,82868.8,83024.6,82858.4,82954.7,1449.4910000000002,476.53099999999984,0.3287574741754173,95919.027,95919.027,41.99000000000524,Binance Futures /futures/data/openInterestHist,5m,BELOW_LR
2026-09-28 05:55:00,1790592900000,82954.6,82983.8,82923.0,82928.5,378.089,-27.231000000000023,0.07202272480818014,96316.311,96316.311,397.28399999999965,Binance Futures /futures/data/openInterestHist,5m,BELOW_LR
2026-09-28 06:00:00,1790593200000,82928.6,83036.7,82928.6,82987.5,558.072,174.33799999999997,0.3123933829326681,96341.633,96341.633,25.322000000000116,Binance Futures /futures/data/openInterestHist,5m,BELOW_LR
2026-09-28 06:05:00,1790593500000,82987.6,83018.7,82958.8,82987.7,392.462,109.91599999999997,0.28006787918320747,96364.922,96364.922,23.289000000004307,Binance Futures /futures/data/openInterestHist,5m,BELOW_LR
2026-09-28 06:10:00,1790593800000,82987.7,82987.7,82938.5,82958.6,181.329,18.707000000000008,0.10316606830677943,96411.64,96411.64,46.71799999999348,Binance Futures /futures/data/openInterestHist,5m,BELOW_LR
2026-09-28 06:15:00,1790594100000,82958.6,83050.0,82946.3,82985.7,531.447,72.20699999999998,0.1358686755217359,96402.419,96402.419,-9.221000000005006,Binance Futures /futures/data/openInterestHist,5m,BELOW_LR
2026-09-28 06:20:00,1790594400000,82985.8,83038.2,82940.5,83011.8,279.442,-0.1080000000000183,0.0003864844940990198,96383.803,96383.803,-18.61599999999453,Binance Futures /futures/data/openInterestHist,5m,CROSSES_LOWER_BOUNDARY
2026-09-28 06:25:00,1790594700000,83011.8,83011.8,82961.7,82992.1,118.858,-9.469999999999992,0.07967490619058028,96359.109,96359.109,-24.694000000003143,Binance Futures /futures/data/openInterestHist,5m,BELOW_LR
2026-09-28 06:30:00,1790595000000,82992.0,83020.2,82953.1,83020.2,209.35299999999998,-11.722999999999999,0.055996331554838,96343.272,96343.272,-15.836999999999534,Binance Futures /futures/data/openInterestHist,5m,CROSSES_LOWER_BOUNDARY
2026-09-28 06:35:00,1790595300000,83020.2,83045.7,82988.3,83038.0,204.77100000000002,23.343000000000004,0.11399563414741345,96370.666,96370.666,27.394000000000233,Binance Futures /futures/data/openInterestHist,5m,INSIDE_LR
2026-09-28 06:40:00,1790595600000,83038.0,83081.6,83024.5,83045.8,392.9,19.16000000000001,0.04876558920845002,96365.037,96365.037,-5.629000000000815,Binance Futures /futures/data/openInterestHist,5m,INSIDE_LR
2026-09-28 06:45:00,1790595900000,83045.9,83045.9,82969.4,82969.4,171.58499999999998,-72.04499999999999,0.4198793600839234,96354.289,96354.289,-10.747999999992317,Binance Futures /futures/data/openInterestHist,5m,BELOW_LR
2026-09-28 06:50:00,1790596200000,82969.4,83000.0,82953.0,82953.0,232.823,-81.33300000000001,0.3493340434579058,96314.834,96314.834,-39.455000000001746,Binance Futures /futures/data/openInterestHist,5m,BELOW_LR
2026-09-28 06:55:00,1790596500000,82953.1,83060.2,82953.0,83054.5,218.913,19.077,0.08714420797303038,96270.131,96270.131,-44.703000000008615,Binance Futures /futures/data/openInterestHist,5m,INSIDE_LR
2026-09-28 07:00:00,1790596800000,83054.5,83268.4,82979.9,83223.8,1129.307,311.247,0.27560884684147,96244.199,96244.199,-25.9320000000007,Binance Futures /futures/data/openInterestHist,5m,CROSSES_UPPER_BOUNDARY
2026-09-28 07:05:00,1790597100000,83223.8,83460.0,83210.6,83441.0,2751.075,-41.22100000000006,0.01498359732104725,96311.07,96311.07,66.87100000001374,Binance Futures /futures/data/openInterestHist,5m,ABOVE_LR
2026-09-28 07:10:00,1790597400000,83441.0,83477.7,83256.6,83346.7,1634.3880000000001,-299.28599999999994,0.18311808456743436,96072.012,96072.012,-239.05800000000454,Binance Futures /futures/data/openInterestHist,5m,ABOVE_LR
2026-09-28 07:15:00,1790597700000,83346.6,83391.7,83244.1,83385.1,743.802,-113.09999999999998,0.15205659570692198,95557.76,95557.76,-514.2520000000077,Binance Futures /futures/data/openInterestHist,5m,ABOVE_LR
2026-09-28 07:20:00,1790598000000,83385.1,83437.5,83275.2,83353.0,552.32,-46.61600000000003,0.08440034762456551,95499.679,95499.679,-58.080999999991036,Binance Futures /futures/data/openInterestHist,5m,ABOVE_LR
2026-09-28 07:25:00,1790598300000,83353.0,83378.6,83241.7,83331.1,423.91100000000006,-39.39300000000003,0.09292752488140205,95492.995,95492.995,-6.684000000008382,Binance Futures /futures/data/openInterestHist,5m,ABOVE_LR
2026-09-28 07:30:00,1790598600000,83331.1,83370.8,83254.6,83370.8,321.776,5.202000000000005,0.016166525781910412,95529.415,95529.415,36.419999999998254,Binance Futures /futures/data/openInterestHist,5m,ABOVE_LR
2026-09-28 07:35:00,1790598900000,83370.8,83399.3,83276.0,83294.1,330.507,-98.55899999999997,0.2982054843013914,95534.392,95534.392,4.977000000013504,Binance Futures /futures/data/openInterestHist,5m,ABOVE_LR
2026-09-28 07:40:00,1790599200000,83294.0,83313.0,83232.6,83312.1,342.55199999999996,-34.573999999999984,0.10093066162217704,95588.977,95588.977,54.58499999999185,Binance Futures /futures/data/openInterestHist,5m,CROSSES_UPPER_BOUNDARY
2026-09-28 07:45:00,1790599500000,83312.1,83433.2,83312.0,83371.2,362.501,-12.294999999999995,0.03391714781476464,95448.288,95448.288,-140.6889999999985,Binance Futures /futures/data/openInterestHist,5m,ABOVE_LR
2026-09-28 07:50:00,1790599800000,83371.2,83561.4,83362.8,83544.0,848.0840000000001,297.39,0.35066101942732086,95446.672,95446.672,-1.6159999999945285,Binance Futures /futures/data/openInterestHist,5m,ABOVE_LR
2026-09-28 07:55:00,1790600100000,83544.0,83609.4,83480.1,83546.5,820.6659999999999,79.31599999999996,0.09664833196452632,95288.8,95288.8,-157.87200000000303,Binance Futures /futures/data/openInterestHist,5m,ABOVE_LR
2026-09-28 08:00:00,1790600400000,83546.4,83546.5,83356.2,83356.2,530.468,-183.95,0.34676926789174845,95252.548,95252.548,-36.25200000000768,Binance Futures /futures/data/openInterestHist,5m,ABOVE_LR
2026-09-28 08:05:00,1790600700000,83356.2,83377.2,83293.0,83303.7,318.208,-102.802,0.32306541633145613,95246.925,95246.925,-5.622999999992317,Binance Futures /futures/data/openInterestHist,5m,ABOVE_LR
2026-09-28 08:10:00,1790601000000,83303.7,83373.2,83270.0,83372.9,234.80200000000002,40.19,0.1711654926278311,95221.331,95221.331,-25.593999999997322,Binance Futures /futures/data/openInterestHist,5m,ABOVE_LR
2026-09-28 08:15:00,1790601300000,83372.9,83410.0,83315.0,83357.7,238.748,-34.32200000000002,0.1437582723206059,95230.002,95230.002,8.670999999987544,Binance Futures /futures/data/openInterestHist,5m,ABOVE_LR
2026-09-28 08:20:00,1790601600000,83357.8,83383.7,83345.7,83369.9,141.258,7.155999999999993,0.050659077715952315,95231.713,95231.713,1.7110000000102445,Binance Futures /futures/data/openInterestHist,5m,ABOVE_LR
2026-09-28 08:25:00,1790601900000,83369.9,83525.0,83350.1,83524.9,571.173,239.413,0.4191602194081303,95212.641,95212.641,-19.072000000000116,Binance Futures /futures/data/openInterestHist,5m,ABOVE_LR
2026-09-28 08:30:00,1790602200000,83525.0,83670.0,83389.2,83549.7,1466.53,130.71200000000005,0.08913012348877968,95150.48,95150.48,-62.161000000007334,Binance Futures /futures/data/openInterestHist,5m,ABOVE_LR
2026-09-28 08:35:00,1790602500000,83549.7,83778.7,83349.4,83687.6,1493.955,65.55899999999993,0.04388284787694404,95212.345,95212.345,61.86500000000524,Binance Futures /futures/data/openInterestHist,5m,ABOVE_LR
2026-09-28 08:40:00,1790602800000,83687.7,83793.6,83624.9,83710.7,1206.647,161.09699999999998,0.13350797706371456,95102.999,95102.999,-109.346000000005,Binance Futures /futures/data/openInterestHist,5m,ABOVE_LR
2026-09-28 08:45:00,1790603100000,83710.7,83794.9,83556.5,83556.6,968.8039999999999,-274.544,0.28338446166613684,95084.149,95084.149,-18.84999999999127,Binance Futures /futures/data/openInterestHist,5m,ABOVE_LR
2026-09-28 08:50:00,1790603400000,83556.6,83739.6,83440.2,83734.5,806.338,-10.202000000000027,0.012652262450734093,95123.587,95123.587,39.437999999994645,Binance Futures /futures/data/openInterestHist,5m,ABOVE_LR
2026-09-28 08:55:00,1790603700000,83734.4,83771.7,83579.8,83609.1,476.53999999999996,-107.644,0.2258865992361607,95132.827,95132.827,9.240000000005239,Binance Futures /futures/data/openInterestHist,5m,ABOVE_LR
2026-09-28 09:00:00,1790604000000,83609.1,83609.1,83354.0,83366.2,714.2750000000001,-243.10900000000004,0.34035770536558047,95190.571,95190.571,57.7439999999915,Binance Futures /futures/data/openInterestHist,5m,ABOVE_LR
2026-09-28 09:05:00,1790604300000,83366.2,83520.0,83283.6,83428.7,659.344,-22.65399999999999,0.03435839258414422,95246.525,95246.525,55.953999999997905,Binance Futures /futures/data/openInterestHist,5m,ABOVE_LR
2026-09-28 09:10:00,1790604600000,83428.7,83500.0,83325.2,83357.3,410.893,-38.43299999999999,0.09353529994426772,95236.641,95236.641,-9.88399999999092,Binance Futures /futures/data/openInterestHist,5m,ABOVE_LR
2026-09-28 09:15:00,1790604900000,83357.3,83415.7,83223.0,83334.9,860.6510000000001,-87.95099999999996,0.10219124825277605,95219.225,95219.225,-17.41599999999744,Binance Futures /futures/data/openInterestHist,5m,CROSSES_UPPER_BOUNDARY
2026-09-28 09:20:00,1790605200000,83334.9,83565.5,83291.4,83565.1,548.94,103.16599999999997,0.1879367508288701,95225.272,95225.272,6.046999999991385,Binance Futures /futures/data/openInterestHist,5m,ABOVE_LR
2026-09-28 09:25:00,1790605500000,83565.1,83571.4,83059.4,83194.7,865.2080000000001,-310.05800000000005,0.35836238222485234,95171.584,95171.584,-53.687999999994645,Binance Futures /futures/data/openInterestHist,5m,INSIDE_LR
2026-09-28 09:30:00,1790605800000,83194.6,83287.7,83048.5,83257.2,988.8149999999999,12.84899999999999,0.012994341712049261,95093.47,95093.47,-78.1140000000014,Binance Futures /futures/data/openInterestHist,5m,CROSSES_UPPER_BOUNDARY
2026-09-28 09:35:00,1790606100000,83257.1,83443.0,83223.0,83375.3,732.064,4.8139999999999645,0.006575927787734357,95022.553,95022.553,-70.91700000000128,Binance Futures /futures/data/openInterestHist,5m,ABOVE_LR
2026-09-28 09:40:00,1790606400000,83375.2,83390.4,82800.2,82907.8,2403.424,-834.44,0.347188011769875,95036.348,95036.348,13.794999999998254,Binance Futures /futures/data/openInterestHist,5m,BELOW_LR
2026-09-28 09:45:00,1790606700000,82907.8,82972.5,82772.9,82917.2,1276.752,-128.73800000000003,0.10083242477787388,94869.515,94869.515,-166.83299999999872,Binance Futures /futures/data/openInterestHist,5m,BELOW_LR
2026-09-28 09:50:00,1790607000000,82917.1,83029.5,82500.1,82851.4,3148.254,-569.7080000000001,0.1809599860748212,94926.309,94926.309,56.79399999999441,Binance Futures /futures/data/openInterestHist,5m,BELOW_LR
2026-09-28 09:55:00,1790607300000,82851.3,82990.6,82752.6,82990.5,881.4150000000001,-67.92099999999998,0.07705904710040103,95090.368,95090.368,164.05900000000838,Binance Futures /futures/data/openInterestHist,5m,BELOW_LR
2026-09-28 10:00:00,1790607600000,82990.6,83045.0,82920.1,82960.9,874.673,-256.621,0.29339078718561107,95100.669,95100.669,10.3009999999922,Binance Futures /futures/data/openInterestHist,5m,CROSSES_LOWER_BOUNDARY
2026-09-28 10:05:00,1790607900000,82960.9,83188.0,82912.0,83186.0,670.3389999999999,17.947000000000003,0.026773020814841453,95001.885,95001.885,-98.78399999999965,Binance Futures /futures/data/openInterestHist,5m,CROSSES_LOWER_BOUNDARY
2026-09-28 10:10:00,1790608200000,83186.0,83233.1,82881.4,82915.1,1007.4560000000001,-212.00200000000007,0.21043301146650578,94952.751,94952.751,-49.13399999999092,Binance Futures /futures/data/openInterestHist,5m,BELOW_LR
2026-09-28 10:15:00,1790608500000,82915.0,82946.1,82781.4,82868.3,883.96,-147.616,0.16699398162812798,94933.65,94933.65,-19.101000000009662,Binance Futures /futures/data/openInterestHist,5m,BELOW_LR
2026-09-28 10:20:00,1790608800000,82868.2,83001.6,82755.1,82943.8,1016.9970000000001,-186.71700000000004,0.18359641178882535,94950.26,94950.26,16.610000000000582,Binance Futures /futures/data/openInterestHist,5m,BELOW_LR
2026-09-28 10:25:00,1790609100000,82943.8,83099.1,82812.3,83035.2,753.678,-57.03999999999999,0.07568218788395042,94947.427,94947.427,-2.8329999999987194,Binance Futures /futures/data/openInterestHist,5m,CROSSES_LOWER_BOUNDARY
2026-09-28 10:30:00,1790609400000,83035.3,83095.7,82973.3,83049.9,403.01099999999997,-90.149,0.22368868343543974,94975.336,94975.336,27.90899999999965,Binance Futures /futures/data/openInterestHist,5m,CROSSES_LOWER_BOUNDARY
2026-09-28 10:35:00,1790609700000,83050.0,83337.3,83036.5,83267.9,976.859,131.97899999999993,0.1351054758158546,94961.091,94961.091,-14.244999999995343,Binance Futures /futures/data/openInterestHist,5m,CROSSES_UPPER_BOUNDARY
2026-09-28 10:40:00,1790610000000,83267.9,83276.0,83142.6,83170.6,352.38599999999997,-105.62599999999998,0.29974516581248967,94897.519,94897.519,-63.572000000000116,Binance Futures /futures/data/openInterestHist,5m,INSIDE_LR
2026-09-28 10:45:00,1790610300000,83170.6,83302.9,83169.4,83248.9,297.662,-18.99799999999999,0.06382406891037483,94922.78,94922.78,25.260999999998603,Binance Futures /futures/data/openInterestHist,5m,INSIDE_LR
2026-09-28 10:50:00,1790610600000,83249.0,83299.5,83183.1,83230.2,164.59699999999998,-42.876999999999995,0.2604968498818326,94932.296,94932.296,9.51600000000326,Binance Futures /futures/data/openInterestHist,5m,INSIDE_LR
