SIDE,EARLIEST_EARLY_TIME,LATEST_EARLY_TIME,EARLY_PRICE,VOTE_COUNT,VOTE_HALF_LIVES,DEFENDED_TIME,RELEASE_TIME,PATH,PATHS_SEEN,PATH_DISAGREEMENT,CONSENSUS_1_TIME,CONSENSUS_2_TIME,CONSENSUS_3_TIME,CONSENSUS_4_TIME,EPISODE_CLASS,EARLIEST_EARLY_MFE_5M,EARLIEST_EARLY_MAE_5M,EARLIEST_EARLY_MFE_10M,EARLIEST_EARLY_MAE_10M,EARLIEST_EARLY_MFE_20M,EARLIEST_EARLY_MAE_20M,EARLIEST_EARLY_MFE_30M,EARLIEST_EARLY_MAE_30M,CONSENSUS_2_MFE_5M,CONSENSUS_2_MAE_5M,CONSENSUS_2_MFE_10M,CONSENSUS_2_MAE_10M,CONSENSUS_2_MFE_20M,CONSENSUS_2_MAE_20M,CONSENSUS_2_MFE_30M,CONSENSUS_2_MAE_30M,CONSENSUS_3_MFE_5M,CONSENSUS_3_MAE_5M,CONSENSUS_3_MFE_10M,CONSENSUS_3_MAE_10M,CONSENSUS_3_MFE_20M,CONSENSUS_3_MAE_20M,CONSENSUS_3_MFE_30M,CONSENSUS_3_MAE_30M,CONSENSUS_4_MFE_5M,CONSENSUS_4_MAE_5M,CONSENSUS_4_MFE_10M,CONSENSUS_4_MAE_10M,CONSENSUS_4_MFE_20M,CONSENSUS_4_MAE_20M,CONSENSUS_4_MFE_30M,CONSENSUS_4_MAE_30M,DEFENDED_MFE_5M,DEFENDED_MAE_5M,DEFENDED_MFE_10M,DEFENDED_MAE_10M,DEFENDED_MFE_20M,DEFENDED_MAE_20M,DEFENDED_MFE_30M,DEFENDED_MAE_30M,RELEASE_MFE_5M,RELEASE_MAE_5M,RELEASE_MFE_10M,RELEASE_MAE_10M,RELEASE_MFE_20M,RELEASE_MAE_20M,RELEASE_MFE_30M,RELEASE_MAE_30M
LONG,2026-09-30 19:41:00,2026-09-30 19:41:00,83466.6,3,"15,20,30",,2026-09-30 19:43:00,EARLY_LONG -> LONG_RELEASE,EARLY_LONG -> LONG_RELEASE,NO,2026-09-30 19:41:00,2026-09-30 19:41:00,2026-09-30 19:41:00,,RELEASE,68.3,0,68.3,5.6,68.3,12.8,97.7,12.8,68.3,0,68.3,5.6,68.3,12.8,97.7,12.8,68.3,0,68.3,5.6,68.3,12.8,97.7,12.8,,,,,,,,,,,,,,,,,43.6,26.5,43.6,32.3,43.6,37.5,78.8,37.5
LONG,2026-09-30 20:03:00,2026-09-30 20:05:00,83470.2,4,"10,15,20,30",2026-09-30 20:06:00,2026-09-30 20:04:00,EARLY_LONG -> LONG_DEFENDED -> LONG_RELEASE,EARLY_LONG -> LONG_DEFENDED -> LONG_RELEASE || EARLY_LONG -> LONG_RELEASE,YES,2026-09-30 20:03:00,2026-09-30 20:03:00,2026-09-30 20:05:00,2026-09-30 20:05:00,RELEASE,94.1,0,99.9,0,176.8,0,176.8,0,94.1,0,99.9,0,176.8,0,176.8,0,17.9,5.2,23.7,10.3,100.6,10.3,100.6,73,17.9,5.2,23.7,10.3,100.6,10.3,100.6,73,16.6,11.6,22.4,11.6,99.3,11.6,99.3,86.5,78.1,0,83.9,0,160.8,0,160.8,12.8
LONG,2026-09-30 20:23:00,2026-09-30 20:23:00,83640,2,"20,30",,,EARLY_LONG -> INVALIDATED,EARLY_LONG -> INVALIDATED,NO,2026-09-30 20:23:00,2026-09-30 20:23:00,,,INVALIDATED,0,39.9,0,166.6,0,178.8,0,180.1,0,39.9,0,166.6,0,178.8,0,180.1,,,,,,,,,,,,,,,,,,,,,,,,,,,,,,,,
LONG,2026-09-30 20:27:00,2026-09-30 20:27:00,83607.4,3,"15,20,30",,,EARLY_LONG -> INVALIDATED,EARLY_LONG -> INVALIDATED,NO,2026-09-30 20:27:00,2026-09-30 20:27:00,2026-09-30 20:27:00,,INVALIDATED,0,134,0,146.2,0,146.2,0,147.5,0,134,0,146.2,0,146.2,0,147.5,0,134,0,146.2,0,146.2,0,147.5,,,,,,,,,,,,,,,,,,,,,,,,
LONG,2026-09-30 21:12:00,2026-09-30 21:12:00,83592.1,1,30,2026-09-30 21:13:00,,EARLY_LONG -> LONG_DEFENDED -> INVALIDATED,EARLY_LONG -> LONG_DEFENDED -> INVALIDATED,NO,2026-09-30 21:12:00,,,,DEFENDED_ONLY,0,64.1,0,182.5,0,206.3,0,206.3,,,,,,,,,,,,,,,,,,,,,,,,,0,108.1,0,171.5,0,195.3,0,195.3,,,,,,,,
LONG,2026-09-30 22:01:00,2026-09-30 22:01:00,83474.1,1,10,,,EARLY_LONG -> INVALIDATED,EARLY_LONG -> INVALIDATED,NO,2026-09-30 22:01:00,,,,INVALIDATED,0,87.7,0,87.7,0,87.7,7.2,87.7,,,,,,,,,,,,,,,,,,,,,,,,,,,,,,,,,,,,,,,,
LONG,2026-09-30 22:37:00,2026-09-30 22:37:00,83543.1,4,"10,15,20,30",,2026-09-30 22:39:00,EARLY_LONG -> LONG_RELEASE,EARLY_LONG -> LONG_RELEASE,NO,2026-09-30 22:37:00,2026-09-30 22:37:00,2026-09-30 22:37:00,2026-09-30 22:37:00,RELEASE,106.9,0,133.7,0,200.7,0,239.8,0,106.9,0,133.7,0,200.7,0,239.8,0,106.9,0,133.7,0,200.7,0,239.8,0,106.9,0,133.7,0,200.7,0,239.8,0,,,,,,,,,86.8,13.7,86.8,13.7,153.8,13.7,236.5,13.7
LONG,2026-09-30 22:51:00,2026-09-30 22:51:00,83690.1,4,"10,15,20,30",2026-09-30 22:52:00,2026-09-30 22:56:00,EARLY_LONG -> LONG_DEFENDED -> LONG_RELEASE,EARLY_LONG -> LONG_DEFENDED -> LONG_RELEASE,NO,2026-09-30 22:51:00,2026-09-30 22:51:00,2026-09-30 22:51:00,2026-09-30 22:51:00,RELEASE,29.8,2.1,53.7,2.1,146.4,2.1,146.4,2.1,29.8,2.1,53.7,2.1,146.4,2.1,146.4,2.1,29.8,2.1,53.7,2.1,146.4,2.1,146.4,2.1,29.8,2.1,53.7,2.1,146.4,2.1,146.4,2.1,36.4,19.4,36.4,19.4,129.1,19.4,129.1,19.4,29.7,0,68.8,0,122.4,0,122.4,0
SHORT,2026-09-30 18:37:00,2026-09-30 18:37:00,83627.7,2,"20,30",,2026-09-30 18:39:00,EARLY_SHORT -> SHORT_RELEASE,EARLY_SHORT -> SHORT_RELEASE,NO,2026-09-30 18:37:00,2026-09-30 18:37:00,,,RELEASE,47.5,0,101.5,0,101.5,0,147.1,0,47.5,0,101.5,0,101.5,0,147.1,0,,,,,,,,,,,,,,,,,,,,,,,,,22.6,7.6,76.6,7.6,76.6,7.6,162.3,7.6
SHORT,2026-09-30 18:51:00,2026-09-30 18:52:00,83544.9,3,"15,20,30",2026-09-30 18:54:00,2026-09-30 19:00:00,EARLY_SHORT -> SHORT_DEFENDED -> SHORT_RELEASE,EARLY_SHORT -> SHORT_DEFENDED -> SHORT_RELEASE,NO,2026-09-30 18:51:00,2026-09-30 18:52:00,2026-09-30 18:52:00,,RELEASE,0.1,35.3,30.1,35.3,113.8,35.3,134.6,35.3,18.1,17.3,62.8,17.3,131.8,17.3,152.6,17.3,18.1,17.3,62.8,17.3,131.8,17.3,152.6,17.3,,,,,,,,,10.5,21.6,61.8,21.6,124.2,21.6,145,21.6,43.2,0,105.4,0,126.2,0,126.2,0
SHORT,2026-09-30 19:09:00,2026-09-30 19:10:00,83440.5,3,"15,20,30",2026-09-30 19:11:00,2026-09-30 19:14:00,EARLY_SHORT -> SHORT_DEFENDED -> SHORT_RELEASE,EARLY_SHORT -> SHORT_DEFENDED -> SHORT_RELEASE,NO,2026-09-30 19:09:00,2026-09-30 19:10:00,2026-09-30 19:10:00,,RELEASE,9.4,62.7,30.2,62.7,30.2,62.7,30.2,62.7,0,72.1,20.8,72.1,20.8,72.1,20.8,72.1,0,72.1,20.8,72.1,20.8,72.1,20.8,72.1,,,,,,,,,76.2,7.5,85.4,7.5,85.4,7.5,85.4,7.5,53.4,0,53.4,0,53.4,0,53.4,71.2
SHORT,2026-09-30 21:26:00,2026-09-30 21:26:00,83399.4,4,"10,15,20,30",2026-09-30 21:27:00,,EARLY_SHORT -> SHORT_DEFENDED -> INVALIDATED,EARLY_SHORT -> SHORT_DEFENDED -> INVALIDATED,NO,2026-09-30 21:26:00,2026-09-30 21:26:00,2026-09-30 21:26:00,2026-09-30 21:26:00,DEFENDED_ONLY,13.6,118.7,13.6,135.8,20.6,135.8,24.9,135.8,13.6,118.7,13.6,135.8,20.6,135.8,24.9,135.8,13.6,118.7,13.6,135.8,20.6,135.8,24.9,135.8,13.6,118.7,13.6,135.8,20.6,135.8,24.9,135.8,0,149.4,0,149.4,7,149.4,11.3,149.4,,,,,,,,
SHORT,2026-09-30 21:40:00,2026-09-30 21:40:00,83415.9,4,"10,15,20,30",,2026-09-30 21:41:00,EARLY_SHORT -> SHORT_RELEASE,EARLY_SHORT -> SHORT_RELEASE,NO,2026-09-30 21:40:00,2026-09-30 21:40:00,2026-09-30 21:40:00,2026-09-30 21:40:00,RELEASE,31.9,0,41.4,0,41.4,70.4,41.4,70.4,31.9,0,41.4,0,41.4,70.4,41.4,70.4,31.9,0,41.4,0,41.4,70.4,41.4,70.4,31.9,0,41.4,0,41.4,70.4,41.4,70.4,,,,,,,,,26.2,10.7,30.5,10.7,30.5,81.3,30.5,81.3
