SIDE,HALF_LIFE,VOTE_COUNT,VOTE_LIST,STATE_PATH,EARLY_TIME,EARLY_PRICE,DEFENDED_TIME,DEFENDED_PRICE,DEFENDED_CONTROL,DEFENDED_EFF_RATIO,DEFENDED_AGGR_MAG_X,DEFENDED_OI_ADD,DEFENDED_REWARD_BPS,RELEASE_TIME,RELEASE_PRICE,RELEASE_CONTROL,RELEASE_EFF_RATIO,RELEASE_AGGR_MAG_X,RELEASE_OI_ADD,RELEASE_RAW_PCTL,RELEASE_REWARD_BPS,TIME_EARLY_TO_DEFENDED,TIME_EARLY_TO_RELEASE,TIME_DEFENDED_TO_RELEASE,PREVIOUS_RELEASE_SIDE,MINUTES_SINCE_PREVIOUS_RELEASE,SAME_SIDE_AFTER_RELEASE,EARLY_MFE_5M,EARLY_MAE_5M,EARLY_MFE_10M,EARLY_MAE_10M,EARLY_MFE_20M,EARLY_MAE_20M,EARLY_MFE_30M,EARLY_MAE_30M,DEFENDED_MFE_5M,DEFENDED_MAE_5M,DEFENDED_MFE_10M,DEFENDED_MAE_10M,DEFENDED_MFE_20M,DEFENDED_MAE_20M,DEFENDED_MFE_30M,DEFENDED_MAE_30M,RELEASE_MFE_5M,RELEASE_MAE_5M,RELEASE_MFE_10M,RELEASE_MAE_10M,RELEASE_MFE_20M,RELEASE_MAE_20M,RELEASE_MFE_30M,RELEASE_MAE_30M
SHORT,20,2,"20,30",EARLY_SHORT -> SHORT_RELEASE,2026-09-30 18:37:00,83627.7,,,,,,,,2026-09-30 18:39:00,83602.8,CONTROL MARKET SELL,11.3333537,0.09174312,2.476,67.67768221,-3.31930253,,2,,,,NO,47.5,0,101.5,0,101.5,0,147.1,0,,,,,,,,,22.6,7.6,76.6,7.6,76.6,7.6,162.3,7.6
SHORT,30,2,"20,30",EARLY_SHORT -> SHORT_RELEASE,2026-09-30 18:37:00,83627.7,,,,,,,,2026-09-30 18:39:00,83602.8,CONTROL MARKET SELL,11.3333537,0.09174312,2.476,67.67768221,-3.6682444,,2,,,,NO,47.5,0,101.5,0,101.5,0,147.1,0,,,,,,,,,22.6,7.6,76.6,7.6,76.6,7.6,162.3,7.6
SHORT,15,3,"15,20,30",EARLY_SHORT -> SHORT_DEFENDED -> SHORT_RELEASE,2026-09-30 18:52:00,83562.9,2026-09-30 18:54:00,83555.3,CONTROL LIMIT SELL,-2.42063452,5.64583333,2.314,-4.74262944,2026-09-30 19:00:00,83536.5,CONTROL MARKET SELL,1.09741095,4.72,6.271,93.38602329,-6.99156922,2,8,6,SHORT,13,YES,18.1,17.3,62.8,17.3,131.8,17.3,152.6,17.3,10.5,21.6,61.8,21.6,124.2,21.6,145,21.6,43.2,0,105.4,0,126.2,0,126.2,0
SHORT,20,3,"15,20,30",EARLY_SHORT -> SHORT_DEFENDED -> SHORT_RELEASE,2026-09-30 18:52:00,83562.9,2026-09-30 18:54:00,83555.3,CONTROL LIMIT SELL,-2.42063452,5.64583333,2.314,-5.49016514,2026-09-30 19:00:00,83536.5,CONTROL MARKET SELL,1.09741095,4.72,6.271,93.38602329,-7.73893673,2,8,6,SHORT,13,YES,18.1,17.3,62.8,17.3,131.8,17.3,152.6,17.3,10.5,21.6,61.8,21.6,124.2,21.6,145,21.6,43.2,0,105.4,0,126.2,0,126.2,0
SHORT,30,1,30,EARLY_SHORT -> SHORT_DEFENDED -> SHORT_RELEASE,2026-09-30 18:51:00,83544.9,2026-09-30 18:54:00,83555.3,CONTROL LIMIT SELL,-2.42063452,5.64583333,2.314,-6.34381569,2026-09-30 19:00:00,83536.5,CONTROL MARKET SELL,1.09741095,4.72,6.271,93.38602329,-8.59239521,3,9,6,SHORT,12,YES,0.1,35.3,30.1,35.3,113.8,35.3,134.6,35.3,10.5,21.6,61.8,21.6,124.2,21.6,145,21.6,43.2,0,105.4,0,126.2,0,126.2,0
SHORT,15,3,"15,20,30",EARLY_SHORT -> SHORT_DEFENDED -> SHORT_RELEASE,2026-09-30 19:10:00,83431.1,2026-09-30 19:11:00,83495.7,CONTROL LIMIT SELL,0.44210142,10.29473684,17.862,0.3296585,2026-09-30 19:14:00,83463.7,CONTROL MARKET SELL,1.77314693,2.53714286,0.216,95.17214088,-3.50300054,1,4,3,SHORT,10,YES,0,72.1,20.8,72.1,20.8,72.1,20.8,72.1,76.2,7.5,85.4,7.5,85.4,7.5,85.4,7.5,53.4,0,53.4,0,53.4,0,53.4,71.2
SHORT,20,3,"15,20,30",EARLY_SHORT -> SHORT_DEFENDED -> SHORT_RELEASE,2026-09-30 19:10:00,83431.1,2026-09-30 19:11:00,83495.7,CONTROL LIMIT SELL,0.44210142,10.29473684,17.862,-1.64027009,2026-09-30 19:14:00,83463.7,CONTROL MARKET SELL,1.77314693,2.53714286,0.216,95.17214088,-5.47217415,1,4,3,SHORT,10,YES,0,72.1,20.8,72.1,20.8,72.1,20.8,72.1,76.2,7.5,85.4,7.5,85.4,7.5,85.4,7.5,53.4,0,53.4,0,53.4,0,53.4,71.2
SHORT,30,1,30,EARLY_SHORT -> SHORT_DEFENDED -> SHORT_RELEASE,2026-09-30 19:09:00,83440.5,2026-09-30 19:11:00,83495.7,CONTROL LIMIT SELL,0.44210142,10.29473684,17.862,-4.09212092,2026-09-30 19:14:00,83463.7,CONTROL MARKET SELL,1.77314693,2.53714286,0.216,95.17214088,-7.92308529,2,5,3,SHORT,9,YES,9.4,62.7,30.2,62.7,30.2,62.7,30.2,62.7,76.2,7.5,85.4,7.5,85.4,7.5,85.4,7.5,53.4,0,53.4,0,53.4,0,53.4,71.2
LONG,15,3,"15,20,30",EARLY_LONG -> LONG_RELEASE,2026-09-30 19:41:00,83466.6,,,,,,,,2026-09-30 19:43:00,83491.3,CONTROL MARKET BUY,1.09992981,0.26710098,4.003,90.609319,-7.20592414,,2,,SHORT,27,NO,68.3,0,68.3,5.6,68.3,12.8,97.7,12.8,,,,,,,,,43.6,26.5,43.6,32.3,43.6,37.5,78.8,37.5
LONG,20,3,"15,20,30",EARLY_LONG -> LONG_RELEASE,2026-09-30 19:41:00,83466.6,,,,,,,,2026-09-30 19:43:00,83491.3,CONTROL MARKET BUY,1.09992981,0.26710098,4.003,90.609319,-6.70843299,,2,,SHORT,27,NO,68.3,0,68.3,5.6,68.3,12.8,97.7,12.8,,,,,,,,,43.6,26.5,43.6,32.3,43.6,37.5,78.8,37.5
LONG,30,3,"15,20,30",EARLY_LONG -> LONG_RELEASE,2026-09-30 19:41:00,83466.6,,,,,,,,2026-09-30 19:43:00,83491.3,CONTROL MARKET BUY,1.09992981,0.26710098,4.003,90.609319,-5.87892572,,2,,SHORT,27,NO,68.3,0,68.3,5.6,68.3,12.8,97.7,12.8,,,,,,,,,43.6,26.5,43.6,32.3,43.6,37.5,78.8,37.5
LONG,20,2,"20,30",EARLY_LONG -> LONG_RELEASE,2026-09-30 20:03:00,83470.2,,,,,,,,2026-09-30 20:04:00,83486.2,CONTROL MARKET BUY,1.5844995,0.53631285,9.807,92.64360094,-4.62520635,,1,,LONG,20,YES,94.1,0,99.9,0,176.8,0,176.8,0,,,,,,,,,78.1,0,83.9,0,160.8,0,160.8,12.8
LONG,30,2,"20,30",EARLY_LONG -> LONG_RELEASE,2026-09-30 20:03:00,83470.2,,,,,,,,2026-09-30 20:04:00,83486.2,CONTROL MARKET BUY,1.5844995,0.53631285,9.807,92.64360094,-4.44668143,,1,,LONG,20,YES,94.1,0,99.9,0,176.8,0,176.8,0,,,,,,,,,78.1,0,83.9,0,160.8,0,160.8,12.8
LONG,10,4,"10,15,20,30",EARLY_LONG -> LONG_DEFENDED -> LONG_RELEASE,2026-09-30 20:05:00,83546.4,2026-09-30 20:06:00,83547.7,CONTROL LIMIT BUY,-0.05893603,1.74301676,6.656,-3.20853017,2026-09-30 20:13:00,83570.1,CONTROL MARKET BUY,2.92038161,0.35483871,3.804,81.0130719,-5.89049354,1,8,7,LONG,1,YES,17.9,5.2,23.7,10.3,100.6,10.3,100.6,73,16.6,11.6,22.4,11.6,99.3,11.6,99.3,86.5,25,28.7,76.9,28.7,76.9,96.7,76.9,108.9
LONG,15,4,"10,15,20,30",EARLY_LONG -> LONG_DEFENDED -> LONG_RELEASE,2026-09-30 20:05:00,83546.4,2026-09-30 20:06:00,83547.7,CONTROL LIMIT BUY,-0.05893603,1.74301676,6.656,-4.60144813,2026-09-30 20:13:00,83570.1,CONTROL MARKET BUY,2.92038161,0.35483871,3.804,81.0130719,-7.28378496,1,8,7,LONG,1,YES,17.9,5.2,23.7,10.3,100.6,10.3,100.6,73,16.6,11.6,22.4,11.6,99.3,11.6,99.3,86.5,25,28.7,76.9,28.7,76.9,96.7,76.9,108.9
LONG,20,4,"10,15,20,30",EARLY_LONG -> LONG_DEFENDED -> LONG_RELEASE,2026-09-30 20:05:00,83546.4,2026-09-30 20:06:00,83547.7,CONTROL LIMIT BUY,-0.05893603,1.74301676,6.656,-5.60086885,2026-09-30 20:13:00,83570.1,CONTROL MARKET BUY,2.92038161,0.35483871,3.804,81.0130719,-8.28347363,1,8,7,LONG,1,YES,17.9,5.2,23.7,10.3,100.6,10.3,100.6,73,16.6,11.6,22.4,11.6,99.3,11.6,99.3,86.5,25,28.7,76.9,28.7,76.9,96.7,76.9,108.9
LONG,30,4,"10,15,20,30",EARLY_LONG -> LONG_DEFENDED -> LONG_RELEASE,2026-09-30 20:05:00,83546.4,2026-09-30 20:06:00,83547.7,CONTROL LIMIT BUY,-0.05893603,1.74301676,6.656,-6.63939582,2026-09-30 20:13:00,83570.1,CONTROL MARKET BUY,2.92038161,0.35483871,3.804,81.0130719,-9.32227904,1,8,7,LONG,1,YES,17.9,5.2,23.7,10.3,100.6,10.3,100.6,73,16.6,11.6,22.4,11.6,99.3,11.6,99.3,86.5,25,28.7,76.9,28.7,76.9,96.7,76.9,108.9
LONG,15,3,"15,20,30",EARLY_LONG -> INVALIDATED,2026-09-30 20:27:00,83607.4,,,,,,,,,,,,,,,,,,,LONG,14,YES,0,134,0,146.2,0,146.2,0,147.5,,,,,,,,,,,,,,,,
LONG,20,2,"20,30",EARLY_LONG -> INVALIDATED,2026-09-30 20:23:00,83640,,,,,,,,,,,,,,,,,,,LONG,10,YES,0,39.9,0,166.6,0,178.8,0,180.1,,,,,,,,,,,,,,,,
LONG,30,2,"20,30",EARLY_LONG -> INVALIDATED,2026-09-30 20:23:00,83640,,,,,,,,,,,,,,,,,,,LONG,10,YES,0,39.9,0,166.6,0,178.8,0,180.1,,,,,,,,,,,,,,,,
LONG,30,1,30,EARLY_LONG -> LONG_DEFENDED -> INVALIDATED,2026-09-30 21:12:00,83592.1,2026-09-30 21:13:00,83581.1,CONTROL LIMIT BUY,0.25648403,3.55294118,2.958,-5.82134951,,,,,,,,,1,,,LONG,59,YES,0,64.1,0,182.5,0,206.3,0,206.3,0,108.1,0,171.5,0,195.3,0,195.3,,,,,,,,
SHORT,10,4,"10,15,20,30",EARLY_SHORT -> SHORT_DEFENDED -> INVALIDATED,2026-09-30 21:26:00,83399.4,2026-09-30 21:27:00,83385.8,CONTROL LIMIT SELL,-0.3320701,4.04255319,12.795,-3.07729831,,,,,,,,,1,,,LONG,73,NO,13.6,118.7,13.6,135.8,20.6,135.8,24.9,135.8,0,149.4,0,149.4,7,149.4,11.3,149.4,,,,,,,,
SHORT,15,4,"10,15,20,30",EARLY_SHORT -> SHORT_DEFENDED -> INVALIDATED,2026-09-30 21:26:00,83399.4,2026-09-30 21:27:00,83385.8,CONTROL LIMIT SELL,-0.3320701,4.04255319,12.795,-3.25154961,,,,,,,,,1,,,LONG,73,NO,13.6,118.7,13.6,135.8,20.6,135.8,24.9,135.8,0,149.4,0,149.4,7,149.4,11.3,149.4,,,,,,,,
SHORT,20,4,"10,15,20,30",EARLY_SHORT -> SHORT_DEFENDED -> INVALIDATED,2026-09-30 21:26:00,83399.4,2026-09-30 21:27:00,83385.8,CONTROL LIMIT SELL,-0.3320701,4.04255319,12.795,-3.50507957,,,,,,,,,1,,,LONG,73,NO,13.6,118.7,13.6,135.8,20.6,135.8,24.9,135.8,0,149.4,0,149.4,7,149.4,11.3,149.4,,,,,,,,
SHORT,30,4,"10,15,20,30",EARLY_SHORT -> SHORT_DEFENDED -> INVALIDATED,2026-09-30 21:26:00,83399.4,2026-09-30 21:27:00,83385.8,CONTROL LIMIT SELL,-0.3320701,4.04255319,12.795,-4.3350761,,,,,,,,,1,,,LONG,73,NO,13.6,118.7,13.6,135.8,20.6,135.8,24.9,135.8,0,149.4,0,149.4,7,149.4,11.3,149.4,,,,,,,,
SHORT,10,4,"10,15,20,30",EARLY_SHORT -> SHORT_RELEASE,2026-09-30 21:40:00,83415.9,,,,,,,,2026-09-30 21:41:00,83405,CONTROL MARKET SELL,0.97702941,0.69273743,1.869,93.86227545,-1.88085183,,1,,LONG,87,NO,31.9,0,41.4,0,41.4,70.4,41.4,70.4,,,,,,,,,26.2,10.7,30.5,10.7,30.5,81.3,30.5,81.3
SHORT,15,4,"10,15,20,30",EARLY_SHORT -> SHORT_RELEASE,2026-09-30 21:40:00,83415.9,,,,,,,,2026-09-30 21:41:00,83405,CONTROL MARKET SELL,0.97702941,0.69273743,1.869,93.86227545,-1.93923655,,1,,LONG,87,NO,31.9,0,41.4,0,41.4,70.4,41.4,70.4,,,,,,,,,26.2,10.7,30.5,10.7,30.5,81.3,30.5,81.3
SHORT,20,4,"10,15,20,30",EARLY_SHORT -> SHORT_RELEASE,2026-09-30 21:40:00,83415.9,,,,,,,,2026-09-30 21:41:00,83405,CONTROL MARKET SELL,0.97702941,0.69273743,1.869,93.86227545,-2.06237199,,1,,LONG,87,NO,31.9,0,41.4,0,41.4,70.4,41.4,70.4,,,,,,,,,26.2,10.7,30.5,10.7,30.5,81.3,30.5,81.3
SHORT,30,4,"10,15,20,30",EARLY_SHORT -> SHORT_RELEASE,2026-09-30 21:40:00,83415.9,,,,,,,,2026-09-30 21:41:00,83405,CONTROL MARKET SELL,0.97702941,0.69273743,1.869,93.86227545,-2.55301265,,1,,LONG,87,NO,31.9,0,41.4,0,41.4,70.4,41.4,70.4,,,,,,,,,26.2,10.7,30.5,10.7,30.5,81.3,30.5,81.3
LONG,10,1,10,EARLY_LONG -> INVALIDATED,2026-09-30 22:01:00,83474.1,,,,,,,,,,,,,,,,,,,SHORT,20,NO,0,87.7,0,87.7,0,87.7,7.2,87.7,,,,,,,,,,,,,,,,
LONG,10,4,"10,15,20,30",EARLY_LONG -> LONG_RELEASE,2026-09-30 22:37:00,83543.1,,,,,,,,2026-09-30 22:39:00,83590,CONTROL MARKET BUY,0.60102368,10.50406504,48.228,99.96918336,-7.01100438,,2,,SHORT,56,NO,106.9,0,133.7,0,200.7,0,239.8,0,,,,,,,,,86.8,13.7,86.8,13.7,153.8,13.7,236.5,13.7
LONG,15,4,"10,15,20,30",EARLY_LONG -> LONG_RELEASE,2026-09-30 22:37:00,83543.1,,,,,,,,2026-09-30 22:39:00,83590,CONTROL MARKET BUY,0.60102368,10.50406504,48.228,99.96918336,-7.98798775,,2,,SHORT,56,NO,106.9,0,133.7,0,200.7,0,239.8,0,,,,,,,,,86.8,13.7,86.8,13.7,153.8,13.7,236.5,13.7
LONG,20,4,"10,15,20,30",EARLY_LONG -> LONG_RELEASE,2026-09-30 22:37:00,83543.1,,,,,,,,2026-09-30 22:39:00,83590,CONTROL MARKET BUY,0.60102368,10.50406504,48.228,99.96918336,-8.69740375,,2,,SHORT,56,NO,106.9,0,133.7,0,200.7,0,239.8,0,,,,,,,,,86.8,13.7,86.8,13.7,153.8,13.7,236.5,13.7
LONG,30,4,"10,15,20,30",EARLY_LONG -> LONG_RELEASE,2026-09-30 22:37:00,83543.1,,,,,,,,2026-09-30 22:39:00,83590,CONTROL MARKET BUY,0.60102368,10.50406504,48.228,99.96918336,-9.54585379,,2,,SHORT,56,NO,106.9,0,133.7,0,200.7,0,239.8,0,,,,,,,,,86.8,13.7,86.8,13.7,153.8,13.7,236.5,13.7
LONG,10,4,"10,15,20,30",EARLY_LONG -> LONG_DEFENDED -> LONG_RELEASE,2026-09-30 22:51:00,83690.1,2026-09-30 22:52:00,83707.4,CONTROL LIMIT BUY,-0.2504013,2.79425837,24.257,-12.48331273,2026-09-30 22:56:00,83714.1,CONTROL MARKET BUY,1.35774644,0.96183206,3.211,98.60335196,-13.28471903,1,5,4,LONG,12,YES,29.8,2.1,53.7,2.1,146.4,2.1,146.4,2.1,36.4,19.4,36.4,19.4,129.1,19.4,129.1,19.4,29.7,0,68.8,0,122.4,0,122.4,0
LONG,15,4,"10,15,20,30",EARLY_LONG -> LONG_DEFENDED -> LONG_RELEASE,2026-09-30 22:51:00,83690.1,2026-09-30 22:52:00,83707.4,CONTROL LIMIT BUY,-0.2504013,2.79425837,24.257,-14.39807546,2026-09-30 22:56:00,83714.1,CONTROL MARKET BUY,1.35774644,0.96183206,3.211,98.60335196,-15.19963502,1,5,4,LONG,12,YES,29.8,2.1,53.7,2.1,146.4,2.1,146.4,2.1,36.4,19.4,36.4,19.4,129.1,19.4,129.1,19.4,29.7,0,68.8,0,122.4,0,122.4,0
LONG,20,4,"10,15,20,30",EARLY_LONG -> LONG_DEFENDED -> LONG_RELEASE,2026-09-30 22:51:00,83690.1,2026-09-30 22:52:00,83707.4,CONTROL LIMIT BUY,-0.2504013,2.79425837,24.257,-15.76453876,2026-09-30 22:56:00,83714.1,CONTROL MARKET BUY,1.35774644,0.96183206,3.211,98.60335196,-16.56620769,1,5,4,LONG,12,YES,29.8,2.1,53.7,2.1,146.4,2.1,146.4,2.1,36.4,19.4,36.4,19.4,129.1,19.4,129.1,19.4,29.7,0,68.8,0,122.4,0,122.4,0
LONG,30,4,"10,15,20,30",EARLY_LONG -> LONG_DEFENDED -> LONG_RELEASE,2026-09-30 22:51:00,83690.1,2026-09-30 22:52:00,83707.4,CONTROL LIMIT BUY,-0.2504013,2.79425837,24.257,-17.64497479,2026-09-30 22:56:00,83714.1,CONTROL MARKET BUY,1.35774644,0.96183206,3.211,98.60335196,-18.44679424,1,5,4,LONG,12,YES,29.8,2.1,53.7,2.1,146.4,2.1,146.4,2.1,36.4,19.4,36.4,19.4,129.1,19.4,129.1,19.4,29.7,0,68.8,0,122.4,0,122.4,0
