TIMESTAMP,DT_SEC,DOI,OI_IMPULSE_5S_EQ,OI_ACTIVITY_30S,OI_ACTIVITY_60S,OI_NET_30S,OI_NET_60S,OI_DIRECTIONALITY_30S,OI_DIRECTIONALITY_60S,IMPULSE_5S_PCTL,BURST_30S_PCTL,BURST_60S_PCTL,OI_INTENSITY_PCTL,WARMUP_INSUFFICIENT
2026-09-30 14:45:07,7.039,-0.537,0.38144623,10.138,15.648,-10.118,-6.868,0.99802722,0.43890593,,,,,YES
2026-09-30 14:45:12,5.719,-0.121,0.10578773,10.249,15.469,-10.249,-6.689,1,0.43241321,,,,,YES
2026-09-30 14:45:18,5.675,-0.344,0.3030837,10.031,15.792,-10.031,-7.012,1,0.44402229,,,,,YES
2026-09-30 14:45:24,5.677,-0.668,0.58833891,10.698,15.651,-10.698,-6.871,1,0.43901348,,,,,YES
2026-09-30 14:45:29,5.852,-0.561,0.47932331,11.259,15.566,-11.259,-8.078,1,0.51895156,,,,,YES
2026-09-30 14:45:35,5.843,3.437,2.94112613,5.668,15.269,1.206,-8.375,0.21277347,0.54849695,,,,,YES
2026-09-30 14:45:41,5.974,3.162,2.64646803,8.293,18.421,4.905,-5.223,0.59146268,0.2835351,,,,,YES
2026-09-30 14:45:47,5.694,-0.014,0.01229364,8.186,17.873,5.012,-4.675,0.61226484,0.26156773,,,,,YES
2026-09-30 14:45:53,5.685,-0.598,0.52594547,8.44,18.47,4.758,-5.272,0.56374408,0.28543584,,,,,YES
2026-09-30 14:45:58,5.698,-0.219,0.19217269,7.991,18.689,5.207,-5.491,0.65160806,0.29380919,,,,,YES
2026-09-30 14:46:05,7.102,0.028,0.01971276,4.021,9.689,2.359,3.565,0.58666998,0.36794303,,,,,YES
2026-09-30 14:46:11,5.668,-0.219,0.19318984,4.24,9.371,2.14,3.883,0.50471698,0.41436346,,,,,YES
2026-09-30 14:46:17,5.659,6.328,5.59109383,7.406,15.578,5.306,10.332,0.71644612,0.66324304,,,,,YES
2026-09-30 14:46:23,5.748,0.546,0.47494781,7.938,15.78,5.866,11.222,0.73897707,0.71115336,,,,,YES
2026-09-30 14:46:28,5.657,4.718,4.1700548,12.058,19.83,11.182,16.608,0.92735114,0.83751891,,,,,YES
2026-09-30 14:46:34,5.658,-0.746,0.65924355,12.585,20.015,10.655,16.423,0.84664283,0.8205346,,,,,YES
2026-09-30 14:46:40,5.793,-0.031,0.02675643,12.588,16.609,10.596,12.955,0.84175405,0.7799988,,,,,YES
2026-09-30 14:46:45,5.65,1.503,1.3300885,13.872,14.95,12.318,11.296,0.88797578,0.75558528,,,,,YES
2026-09-30 14:46:51,5.699,4.428,3.88489209,11.972,19.364,10.418,15.738,0.87019713,0.8127453,,,,,YES
2026-09-30 14:46:57,5.687,0.706,0.62071391,12.132,19.472,10.578,17.042,0.871909,0.87520542,,,,,YES
2026-09-30 14:47:02,5.704,0.15,0.13148668,7.564,19.403,6.01,17.411,0.79455315,0.89733546,,,,,YES
2026-09-30 14:47:09,6.956,7.598,5.46147211,14.416,26.973,14.354,24.981,0.99569922,0.92614837,,,,,YES
2026-09-30 14:47:15,5.651,1.315,1.16351088,15.7,28.069,15.7,26.515,1,0.94463643,,,,,YES
2026-09-30 14:47:21,5.646,0.077,0.06818987,14.274,21.818,14.274,20.264,1,0.92877441,,,,,YES
2026-09-30 14:47:26,5.695,0.676,0.59350307,10.522,21.948,10.522,20.394,1,0.92919628,,,,,YES
2026-09-30 14:47:32,5.669,0,0,9.816,17.23,9.816,15.676,1,0.90980847,,,,,YES
2026-09-30 14:47:38,5.661,0.433,0.38244126,10.099,16.917,10.099,16.855,1,0.99633505,,,,,YES
2026-09-30 14:47:43,5.832,197.872,169.64334705,200.373,214.758,200.373,214.758,1,1,,,,,YES
2026-09-30 14:47:49,5.693,-17.405,15.28631653,216.463,230.66,181.653,195.85,0.8391873,0.84908523,,,,,YES
2026-09-30 14:47:55,5.695,-1.311,1.15100966,217.697,227.543,180.265,190.111,0.82805459,0.83549483,,,,,YES
2026-09-30 14:48:01,5.654,0.703,0.62168376,217.724,227.54,180.292,190.108,0.82807591,0.83549266,,,,,YES
2026-09-30 14:48:08,7.906,41.549,26.27687832,258.84,268.939,221.408,231.507,0.85538557,0.86081602,,,,,YES
2026-09-30 14:48:14,5.666,14.212,12.54147547,75.18,275.553,37.748,238.121,0.50210162,0.8641568,,,,,YES
2026-09-30 14:48:20,5.64,0,0,57.775,274.238,55.153,236.806,0.95461705,0.86350542,,,,,YES
2026-09-30 14:48:25,5.651,32.341,28.61528933,88.805,306.502,88.805,269.07,1,0.87787355,,,,,YES
2026-09-30 14:48:31,5.792,9.899,8.54540746,98.001,315.725,98.001,278.293,1,0.88144113,,,,,YES
2026-09-30 14:48:37,5.663,9.703,8.56701395,107.704,325.428,107.704,287.996,1,0.88497609,,,,,YES
2026-09-30 14:48:42,5.648,-0.325,0.28771246,66.48,325.32,65.83,287.238,0.99022262,0.88293987,,,,,YES
2026-09-30 14:48:48,5.834,-2.891,2.47771683,55.159,130.339,48.727,86.475,0.88339165,0.6634622,,,,,YES
2026-09-30 14:48:54,5.666,1.395,1.23102718,56.554,114.329,50.122,105.275,0.88626799,0.92080749,,,,,YES
2026-09-30 14:49:00,5.658,-0.038,0.03358077,24.251,113.056,17.743,106.548,0.73163993,0.94243561,,,,,YES
2026-09-30 14:49:07,7.298,0.291,0.19936969,4.94,112.644,-1.568,106.136,0.31740891,0.94222506,,,,,YES
2026-09-30 14:49:13,5.664,2.4,2.11864407,7.015,73.495,1.157,66.987,0.16493229,0.91144976,,,,,YES
2026-09-30 14:49:18,5.651,-0.001,0.0008848,7.016,59.284,1.156,52.774,0.16476625,0.8901896,,,,,YES
2026-09-30 14:49:24,5.672,-1.077,0.94940056,5.202,60.361,2.97,51.697,0.57093426,0.85646361,,,,,YES
2026-09-30 14:49:30,5.795,-1.224,1.05608283,4.993,29.244,0.389,18.132,0.07790907,0.62002462,,,,,YES
2026-09-30 14:49:35,5.668,0.013,0.01146789,5.006,19.358,0.402,8.246,0.08030364,0.42597376,,,,,YES
2026-09-30 14:49:41,5.667,-0.072,0.06352567,4.787,9.727,0.039,-1.529,0.00814706,0.15719132,,,,,YES
2026-09-30 14:49:47,5.677,0.118,0.10392813,2.505,9.52,-2.243,-1.086,0.89540918,0.11407563,,,,,YES
2026-09-30 14:49:53,5.835,-0.373,0.31962296,2.877,7.002,-2.615,1.432,0.90893292,0.204513,,,,,YES
2026-09-30 14:49:58,5.65,4.084,3.61415929,5.884,9.691,2.546,4.121,0.43269884,0.42523991,,,,,YES
2026-09-30 14:50:05,6.606,9.907,7.49848622,14.567,19.56,13.677,14.066,0.938903,0.71912065,,,,,YES
2026-09-30 14:50:10,5.642,-0.254,0.22509748,14.808,19.523,13.41,13.521,0.90559157,0.69256774,,,,,YES
2026-09-30 14:50:16,5.652,0.942,0.83333333,15.678,18.065,14.424,12.063,0.92001531,0.66775533,,,,,YES
2026-09-30 14:50:22,5.985,0.023,0.0192147,15.583,18.087,14.329,12.087,0.91952769,0.66827003,,,,,YES
2026-09-30 14:50:28,5.633,0.559,0.49618321,15.769,17.569,15.261,13.723,0.96778489,0.7810917,,,,,YES
2026-09-30 14:50:33,5.724,0.787,0.68745632,12.472,17.132,11.964,15.734,0.95926876,0.91839832,,,,,YES
2026-09-30 14:50:39,5.629,-8.326,7.39562977,10.891,25.445,-6.269,7.395,0.57561289,0.29062684,,,,,YES
2026-09-30 14:50:45,5.707,-0.081,0.07096548,10.718,25.454,-6.096,7.386,0.56876283,0.2901705,,,,,YES
2026-09-30 14:50:50,5.634,-1.381,1.2255946,11.157,26.717,-8.419,5.887,0.75459353,0.2203466,,,,,YES
2026-09-30 14:50:56,5.777,0.889,0.7694305,12.023,27.233,-7.553,7.149,0.62821259,0.26251239,,,,,YES
2026-09-30 14:51:02,5.972,-1.387,1.16125251,12.851,24.536,-9.499,1.678,0.73916427,0.06838931,,,,,YES
2026-09-30 14:51:09,6.742,2.311,1.71388312,14.375,16.94,-7.975,-5.918,0.55478261,0.34935065,,,,,YES
2026-09-30 14:51:15,5.69,1.562,1.37258348,7.611,18.248,1.913,-4.102,0.25134673,0.22479176,,,,,YES
2026-09-30 14:51:20,5.647,214.143,189.60775633,221.673,231.449,216.137,209.099,0.97502628,0.90343445,,,,,YES
2026-09-30 14:51:26,5.7,-1.321,1.15877193,221.613,232.747,216.197,207.755,0.975561,0.8926216,,,,,YES
2026-09-30 14:51:32,6.106,-5.988,4.90337373,226.712,238.176,209.32,201.208,0.92328593,0.84478705,,,,,YES
2026-09-30 14:51:38,5.69,45.385,39.88137083,270.71,282.774,256.092,245.806,0.94600126,0.86926662,,,,,YES
2026-09-30 14:51:43,5.645,6.128,5.42781222,274.527,280.576,259.909,260.26,0.94675205,0.92759181,,,,,YES
2026-09-30 14:51:49,5.658,26.642,23.543655,299.607,307.137,284.989,286.983,0.95120942,0.93438107,,,,,YES
2026-09-30 14:51:55,5.743,1.849,1.60978583,87.313,307.605,72.695,290.213,0.83257934,0.94345996,,,,,YES
2026-09-30 14:52:01,5.804,8.332,7.17780841,94.324,315.048,82.348,297.656,0.87303337,0.94479571,,,,,YES
2026-09-30 14:52:08,7.253,-4.318,2.9766993,47.269,317.979,38.633,294.725,0.81730098,0.92686938,,,,,YES
2026-09-30 14:52:14,5.666,32.794,28.93928697,73.935,348.462,65.299,325.208,0.8831947,0.93326676,,,,,YES
2026-09-30 14:52:19,5.689,4.181,3.67463526,51.474,351.081,42.838,327.827,0.83222598,0.93376457,,,,,YES
2026-09-30 14:52:25,5.682,-2.242,1.97289687,51.867,139.18,38.747,111.442,0.74704533,0.80070412,,,,,YES
2026-09-30 14:52:31,5.684,1.907,1.67751583,53.774,139.766,40.654,114.67,0.75601592,0.82044274,,,,,YES
2026-09-30 14:52:36,5.672,1.472,1.29760226,46.914,135.25,33.794,122.13,0.72033934,0.90299445,,,,,YES
2026-09-30 14:52:42,5.651,-3.394,3.00300832,45.99,93.259,34.718,73.351,0.75490324,0.78652999,,,,,YES
2026-09-30 14:52:48,5.82,29.95,25.73024055,43.146,117.081,31.874,97.173,0.73874751,0.82996387,,,,,YES
2026-09-30 14:52:53,5.705,-0.96,0.84136722,39.925,91.399,26.733,69.571,0.66958046,0.76117901,,,,,YES
2026-09-30 14:52:59,5.686,10.676,9.38797045,48.359,100.226,39.651,78.398,0.81993011,0.7822122,,,,,YES
2026-09-30 14:53:07,7.526,-0.611,0.40592612,45.591,92.505,35.661,69.455,0.78219385,0.75082428,,,,,YES
2026-09-30 14:53:12,5.693,8.083,7.09906903,50.28,96.27,47.138,81.856,0.93750994,0.85027527,,,,,YES
2026-09-30 14:53:18,5.669,0,0,20.33,63.476,17.188,49.062,0.84545007,0.77292205,,,,,YES
2026-09-30 14:53:24,5.701,20.357,17.85388528,39.727,79.652,38.505,65.238,0.96924006,0.81903781,,,,,YES
2026-09-30 14:53:29,5.646,-4.858,4.30216082,33.909,82.268,22.971,62.622,0.67743077,0.76119512,,,,,YES
2026-09-30 14:53:35,5.655,-63.448,56.09902741,97.357,143.809,-40.477,-2.733,0.4157585,0.01900437,,,,,YES
2026-09-30 14:53:41,5.676,21.741,19.15169133,118.487,164.078,-18.125,17.536,0.15297037,0.106876,,,,,YES
2026-09-30 14:53:46,5.667,-0.195,0.1720487,110.599,160.879,-26.403,20.735,0.23872729,0.12888568,,,,,YES
2026-09-30 14:53:52,5.688,36.636,32.20464135,147.235,167.565,10.233,27.421,0.06950114,0.16364396,,,,,YES
2026-09-30 14:53:58,5.648,0,0,126.878,166.605,-10.124,28.381,0.07979319,0.17034903,,,,,YES
2026-09-30 14:54:03,5.645,24.205,21.43932684,146.225,180.134,18.939,41.91,0.12951958,0.23266013,,,,,YES
2026-09-30 14:54:11,7.704,0.239,0.15511423,61.275,179.762,60.885,42.76,0.99363525,0.23787007,,,,,YES
2026-09-30 14:54:17,5.641,-0.342,0.30313774,61.422,172.021,60.738,34.335,0.98886392,0.19959772,,,,,YES
2026-09-30 14:54:22,5.665,46.83,41.33274492,71.616,218.851,70.932,81.165,0.99044906,0.37086876,,,,,YES
2026-09-30 14:54:28,5.663,-1.039,0.91735829,72.655,199.533,69.893,59.769,0.96198472,0.29954444,,,,,YES
2026-09-30 14:54:34,6.024,-2.688,2.2310757,51.138,197.363,43,61.939,0.84086198,0.31383289,,,,,YES
2026-09-30 14:54:40,5.647,0.002,0.00177085,51.14,133.917,43.002,125.389,0.8408682,0.93631876,,,,,YES
2026-09-30 14:54:45,5.655,7.722,6.82758621,58.623,119.898,50.485,111.37,0.86118077,0.92887288,,,,,YES
2026-09-30 14:54:51,5.645,-0.186,0.16474756,58.467,119.889,50.641,111.379,0.86614672,0.92901767,,,,,YES
2026-09-30 14:54:57,5.666,-16.778,14.80585951,28.415,100.031,-12.967,57.965,0.45634348,0.57947036,,,,,YES
2026-09-30 14:55:02,5.689,4.951,4.35137986,32.327,104.982,-6.977,62.916,0.21582578,0.59930274,,,,,YES
2026-09-30 14:55:10,7.553,-10.487,6.94227459,40.124,91.264,-14.778,28.224,0.36830824,0.30925666,,,,,YES
2026-09-30 14:55:16,6.163,-0.758,0.61496025,33.16,91.783,-23.258,27.227,0.70138721,0.29664535,,,,,YES
2026-09-30 14:55:22,5.687,-1.063,0.93458766,34.037,92.504,-24.135,26.506,0.70908129,0.28653896,,,,,YES
2026-09-30 14:55:27,5.666,-1.596,1.40840099,18.855,47.27,-8.953,-21.92,0.47483426,0.46371906,,,,,YES
2026-09-30 14:55:33,5.701,0,0,13.904,46.231,-13.904,-20.881,1,0.45166663,,,,,YES
2026-09-30 14:55:40,6.7,-10.863,8.10671642,24.767,54.404,-24.767,-29.058,1,0.53411514,,,,,YES
2026-09-30 14:55:45,5.672,0.11,0.09696756,14.39,46.792,-14.17,-36.67,0.98471161,0.78368097,,,,,YES
2026-09-30 14:55:51,5.644,-0.834,0.7388377,14.466,47.44,-14.246,-37.318,0.98479193,0.78663575,,,,,YES
2026-09-30 14:55:57,5.621,2.453,2.18199609,15.856,33.115,-10.73,-18.087,0.67671544,0.54618753,,,,,YES
2026-09-30 14:56:02,5.689,6.728,5.91316576,20.988,34.892,-2.406,-16.31,0.11463694,0.46744239,,,,,YES
2026-09-30 14:56:10,8.019,-4.185,2.60942761,14.31,28.59,4.272,-10.008,0.29853249,0.35005247,,,,,YES
2026-09-30 14:56:16,5.827,0,0,14.2,27.832,4.162,-9.25,0.29309859,0.33235125,,,,,YES
2026-09-30 14:56:22,5.647,0.124,0.10979281,13.49,26.893,5.12,-8.063,0.3795404,0.2998178,,,,,YES
2026-09-30 14:56:28,5.689,0.583,0.51239234,11.62,25.88,3.25,-5.884,0.27969019,0.22735703,,,,,YES
2026-09-30 14:56:33,5.678,0.082,0.07220852,4.974,25.962,-3.396,-5.802,0.6827503,0.22348047,,,,,YES
2026-09-30 14:56:39,5.66,2.621,2.31537102,7.595,28.583,-0.775,-3.181,0.10204082,0.11128993,,,,,YES
2026-09-30 14:56:45,5.648,1.774,1.57046742,5.184,19.494,5.184,9.456,1,0.48507233,,,,,YES
2026-09-30 14:56:50,5.628,0.545,0.48418621,5.729,19.929,5.729,9.891,1,0.49631191,,,,,YES
2026-09-30 14:56:56,5.637,0.231,0.20489622,5.836,19.326,5.836,10.956,1,0.56690469,,,,,YES
2026-09-30 14:57:02,5.678,-0.094,0.08277563,5.347,16.967,5.159,8.409,0.9648401,0.49560912,,,,,YES
2026-09-30 14:57:10,8.003,-0.696,0.43483694,3.34,10.935,1.76,0.985,0.52694611,0.09007773,,,,,YES
2026-09-30 14:57:15,5.675,0.339,0.29867841,1.905,7.089,0.325,5.509,0.17060367,0.77711948,,,,,YES
2026-09-30 14:57:21,5.763,-0.129,0.11192087,1.489,7.218,-0.349,5.38,0.23438549,0.74535883,,,,,YES
2026-09-30 14:57:27,5.695,-0.376,0.33011414,1.634,7.47,-0.956,4.88,0.58506732,0.65327979,,,,,YES
2026-09-30 14:57:32,5.698,1.134,0.995086,2.674,8.021,0.272,5.431,0.10172027,0.67709762,,,,,YES
2026-09-30 14:57:38,5.645,-0.011,0.00974314,2.685,7.95,0.261,5.338,0.0972067,0.67144654,,,,,YES
2026-09-30 14:57:44,5.715,0.844,0.7384077,2.833,6.173,1.801,3.561,0.63572185,0.576867,,,,,YES
2026-09-30 14:57:49,5.674,-0.802,0.70673246,3.296,5.201,0.66,0.985,0.20024272,0.18938666,,,,,YES
2026-09-30 14:57:55,5.688,-0.098,0.08614627,3.265,4.754,0.691,0.342,0.21163859,0.07193942,,,,,YES
2026-09-30 14:58:01,5.693,-1.727,1.51677499,4.616,6.25,-0.66,-1.616,0.14298094,0.25856,,,,,YES
2026-09-30 14:58:08,7.393,1.396,0.94413635,4.867,7.552,-0.387,-0.126,0.0795151,0.01668432,,,,,YES
2026-09-30 14:58:14,5.676,-1.402,1.23502467,5.425,8.258,-2.633,-0.832,0.48534562,0.10075079,,,,,YES
2026-09-30 14:58:20,5.665,-0.059,0.05207414,4.682,7.978,-1.89,-1.23,0.40367364,0.15417398,,,,,YES
2026-09-30 14:58:25,5.817,-2.736,2.35172769,7.32,10.585,-4.528,-3.837,0.61857923,0.3624941,,,,,YES
2026-09-30 14:58:31,5.721,-0.049,0.04282468,5.642,10.258,-2.85,-3.51,0.50514002,0.34217196,,,,,YES
2026-09-30 14:58:37,5.701,3.291,2.88633573,8.933,12.415,0.441,-1.353,0.04936751,0.10898107,,,,,YES
2026-09-30 14:58:42,5.684,0.702,0.61752287,8.239,13.106,-0.253,-0.64,0.03070761,0.0488326,,,,,YES
2026-09-30 14:58:48,5.669,7.377,6.50643853,14.214,19.639,8.526,5.893,0.59983115,0.30006619,,,,,YES
2026-09-30 14:58:54,5.672,0.062,0.05465444,14.217,18.899,8.647,6.757,0.60821552,0.35753214,,,,,YES
2026-09-30 14:58:59,5.702,-0.64,0.56120659,12.121,19.441,10.743,6.215,0.88631301,0.3196852,,,,,YES
2026-09-30 14:59:07,7.139,19.752,13.83387029,31.824,37.466,30.544,27.694,0.95977878,0.73917685,,,,,YES
2026-09-30 14:59:12,5.659,4,3.53419332,32.533,40.07,31.253,30.298,0.96065533,0.75612678,,,,,YES
2026-09-30 14:59:18,5.669,2.252,1.98624096,34.083,40.92,32.803,33.952,0.96244462,0.82971652,,,,,YES
2026-09-30 14:59:24,5.689,-2.392,2.10230269,29.098,43.253,23.034,31.619,0.7916008,0.73102444,,,,,YES
2026-09-30 14:59:29,5.765,2.086,1.80919341,31.122,42.603,25.058,36.441,0.80515391,0.8553623,,,,,YES
2026-09-30 14:59:35,5.639,-1.359,1.20500089,31.841,43.913,24.339,35.131,0.76439182,0.80001366,,,,,YES
2026-09-30 14:59:41,5.666,-0.417,0.36798447,12.506,41.039,4.17,31.423,0.33343995,0.7656863,,,,,YES
2026-09-30 14:59:46,5.607,2.082,1.85660781,10.588,42.419,2.252,32.803,0.21269362,0.77330913,,,,,YES
2026-09-30 14:59:52,5.682,1.813,1.59538895,10.149,36.855,1.813,27.239,0.17863829,0.73908561,,,,,YES
2026-09-30 14:59:58,5.649,0,0,7.757,36.793,4.205,27.177,0.54209101,0.73864594,,,,,YES
2026-09-30 15:00:03,5.737,-0.07,0.0610075,5.741,36.223,2.049,27.747,0.35690646,0.76600502,,,,,YES
2026-09-30 15:00:11,7.328,-9.498,6.48062227,13.463,25.969,-5.673,-1.503,0.42137711,0.0578767,,,,,YES
2026-09-30 15:00:16,5.699,11.321,9.93244429,22.702,33.29,3.566,5.818,0.15707867,0.1747672,,,,,YES
2026-09-30 15:00:22,5.995,0.001,0.00083403,20.89,31.039,1.754,3.567,0.08396362,0.11491994,,,,,YES
2026-09-30 15:00:28,5.676,-0.047,0.0414024,20.937,28.694,1.707,5.912,0.08153031,0.20603611,,,,,YES
2026-09-30 15:00:34,5.917,-2.24,1.89285111,23.107,28.848,-0.463,1.586,0.02003722,0.05497781,,,,,YES
2026-09-30 15:00:40,5.655,-0.658,0.58178603,23.765,28.147,-1.121,2.287,0.04717021,0.081252,,,,,YES
2026-09-30 15:00:45,5.656,0.425,0.37570721,14.692,28.155,8.802,3.129,0.59910155,0.11113479,,,,,YES
2026-09-30 15:00:51,5.719,-3.155,2.75834936,6.526,29.228,-5.674,-2.108,0.8694453,0.07212262,,,,,YES
2026-09-30 15:00:57,5.688,-3.941,3.46431083,10.466,31.356,-9.616,-7.862,0.91878464,0.25073351,,,,,YES
2026-09-30 20:25:04,5.87,0.085,0.07240204,10.393,11.03,-10.223,-9.586,0.98364284,0.86908432,25.95637053,81.70037927,57.96460177,81.70037927,NO
2026-09-30 20:25:10,5.861,-2.003,1.70875277,10.643,13.016,-10.473,-11.606,0.98402706,0.89167179,84.00252924,82.45891277,65.99241466,84.00252924,NO
2026-09-30 20:25:25,15.076,0.098,0.03250199,8.033,12.755,-7.667,-11.867,0.95443794,0.93038024,17.31437599,72.04674668,64.97157296,72.04674668,NO
2026-09-30 20:25:30,5.748,-0.071,0.06176061,2.257,12.565,-1.891,-12.199,0.83783784,0.97087147,23.9418825,24.28165456,64.25639406,64.25639406,NO
2026-09-30 20:25:36,6.022,-0.522,0.43341083,2.694,11.334,-2.498,-10.968,0.92724573,0.96770778,57.68866435,29.73484848,59.05934343,59.05934343,NO
2026-09-30 20:25:42,6.04,-0.308,0.25496689,0.999,10.293,-0.803,-9.927,0.8038038,0.96444185,47.28535354,8.01514673,54.149574,54.149574,NO
2026-09-30 20:25:48,5.868,-1.077,0.91768916,2.076,11.103,-1.88,-10.737,0.90558767,0.96703594,72.10476491,22.01892744,58.23343849,72.10476491,NO
2026-09-30 20:25:54,5.763,-0.849,0.73659552,2.925,10.86,-2.729,-10.494,0.93299145,0.96629834,68.39116719,32.86029644,57.01671397,68.39116719,NO
2026-09-30 20:26:00,5.947,0.007,0.00588532,2.834,5.02,-2.82,-4.64,0.99505999,0.92430279,7.28476821,31.55737705,21.0592686,31.55737705,NO
2026-09-30 20:26:06,5.803,0.241,0.20765121,3.004,5.176,-2.508,-4.484,0.83488682,0.86630603,43.44262295,33.50141822,22.12417271,43.44262295,NO
2026-09-30 20:26:21,14.884,1.675,0.56268476,2.772,4.848,1.074,-0.806,0.38744589,0.16625413,62.84273558,30.65532451,19.91178324,62.84273558,NO
2026-09-30 20:26:27,5.847,0.122,0.10432701,2.045,4.872,2.045,-0.782,1,0.16050903,30.81285444,21.51181102,20,30.81285444,NO
2026-09-30 20:26:32,5.881,2.545,2.16374766,4.583,7.346,4.583,1.834,1,0.24965968,87.71653543,50.31486146,37.24811083,87.71653543,NO
2026-09-30 20:26:38,5.876,0.317,0.26974132,4.659,7.141,4.659,2.673,1,0.37431732,48.11083123,50.96002518,36.3235757,50.96002518,NO
2026-09-30 20:26:44,6.192,-0.161,0.13000646,4.82,6.994,4.498,2.82,0.93319502,0.40320275,34.59238275,52.51730648,35.36815607,52.51730648,NO
2026-09-30 20:26:50,5.843,-1.801,1.54116036,6.621,7.718,2.697,2.096,0.40734028,0.27157295,82.00125865,64.92607738,39.16325889,82.00125865,NO
2026-09-30 20:26:56,5.927,-0.776,0.65463135,5.722,7.645,0.246,2.169,0.04299196,0.28371485,66.02705253,60.03144654,38.77358491,66.02705253,NO
2026-09-30 20:27:02,5.917,0.023,0.01943552,5.623,7.661,0.147,2.185,0.02614263,0.28521081,13.93081761,59.38384156,38.79283244,59.38384156,NO
2026-09-30 20:27:18,15.655,1.364,0.43564356,3.964,8.784,-1.19,3.308,0.30020182,0.37659381,57.8120088,43.93463231,45.85166562,57.8120088,NO
2026-09-30 20:27:24,5.825,0.26,0.22317597,2.423,7.369,0.871,1.893,0.35947173,0.25688696,44.9717159,26.17027961,37.41753063,44.9717159,NO
2026-09-30 20:27:29,5.848,0,0,1.647,7.247,1.647,1.771,1,0.24437698,3.58152686,16.86557789,36.9660804,36.9660804,NO
2026-09-30 20:27:35,5.864,0.064,0.05457026,1.688,4.766,1.688,-0.71,1,0.14897188,22.7701005,17.29984301,19.68602826,22.7701005,NO
2026-09-30 20:27:41,5.856,1.218,1.03995902,2.906,5.667,2.906,0.191,1,0.0337039,74.44270016,32.86252354,25.67482737,74.44270016,NO
2026-09-30 20:27:47,6.003,15.731,13.10261536,18.637,21.237,18.637,16.083,1,0.75731035,99.08976773,93.06557891,84.24850957,99.08976773,NO
2026-09-30 20:27:53,5.683,-0.351,0.30881577,17.624,19.787,16.922,17.533,0.96016795,0.88608682,51.14527769,92.56587202,82.62233375,92.56587202,NO
2026-09-30 20:27:59,5.861,-0.1,0.08530967,17.464,19.111,16.562,18.209,0.94835089,0.95280205,28.19949812,92.47412982,81.34211352,92.47412982,NO
2026-09-30 20:28:05,5.904,0.542,0.45901084,18.006,19.63,17.104,18.728,0.94990559,0.95404992,59.04672311,92.85266458,82.4137931,92.85266458,NO
2026-09-30 20:28:20,15.039,6.068,2.01742137,7.061,24.334,6.159,23.432,0.87225605,0.96293252,86.42633229,67.69037919,88.37355061,88.37355061,NO
2026-09-30 20:28:26,5.972,0.01,0.0083724,6.72,24.084,6.52,23.182,0.9702381,0.96254775,8.74334065,65.47619048,87.96992481,87.96992481,NO
2026-09-30 20:28:31,5.762,-0.909,0.78878862,7.529,24.993,5.711,22.273,0.75853367,0.89116953,69.83082707,69.52709051,88.72533667,88.72533667,NO
2026-09-30 20:28:37,6.008,-0.06,0.04993342,7.047,24.989,5.109,22.149,0.72498936,0.88634999,21.98559349,67.56418284,88.72886662,88.72886662,NO
2026-09-30 20:28:43,5.79,0,0,7.047,23.771,5.109,20.931,0.72498936,0.88052669,3.56919224,67.54303599,87.48043818,87.48043818,NO
2026-09-30 20:28:49,6.176,-1.227,0.9933614,8.274,9.267,3.882,3.973,0.46918057,0.42872559,73.92801252,73.31038798,48.65456821,73.92801252,NO
2026-09-30 20:28:55,5.874,0.039,0.03319714,2.245,8.955,-2.147,4.363,0.95634744,0.48721385,17.55319149,24.17891774,46.95026587,46.95026587,NO
2026-09-30 20:29:01,5.732,-0.082,0.07152826,2.317,8.937,-2.239,4.381,0.96633578,0.49020924,25.9305599,24.85928705,46.84177611,46.84177611,NO
2026-09-30 20:29:07,5.687,0.013,0.01142958,1.421,8.408,-1.317,3.852,0.9268121,0.45813511,10.35021889,13.53547984,43.60737731,43.60737731,NO
2026-09-30 20:29:22,15.035,0.733,0.24376455,0.867,3.073,0.703,-1.483,0.81084198,0.4825903,46.57705533,6.28125,9.6875,46.57705533,NO
2026-09-30 20:29:27,5.756,0.161,0.13985407,0.989,3.224,0.825,-1.332,0.83417594,0.41315136,35.875,7.93502031,10.71540144,35.875,NO
2026-09-30 20:29:33,5.832,0.076,0.06515775,0.983,2.391,0.983,-0.347,1,0.14512756,24.64854733,7.83885072,5.55902561,24.64854733,NO
2026-09-30 20:29:39,5.921,0.052,0.0439115,1.022,2.383,1.022,-0.235,1,0.09861519,20.54965646,8.39837652,5.58851077,20.54965646,NO
2026-09-30 20:29:45,6.066,0.543,0.44757666,1.565,2.926,1.565,0.308,1,0.10526316,58.57009054,15.82397004,8.83270911,58.57009054,NO
2026-09-30 20:29:51,5.898,-0.239,0.20261105,1.804,1.938,1.326,1.296,0.73503326,0.66873065,42.97752809,18.68954758,3.93135725,42.97752809,NO
2026-09-30 20:29:57,5.888,-0.002,0.00169837,1.073,1.901,0.591,1.255,0.55079217,0.66017885,4.58658346,9.0143481,3.71179039,9.0143481,NO
2026-09-30 20:30:03,5.925,1.482,1.25063291,2.394,3.301,1.912,2.819,0.79866332,0.85398364,78.19713038,26.0679763,11.41253508,78.19713038,NO
2026-09-30 20:30:19,15.543,-3.113,1.00141543,4.836,6.401,-1.872,-0.307,0.38709677,0.04796126,74.11911444,52.9925187,30.2680798,74.11911444,NO
2026-09-30 20:30:25,5.998,-2.254,1.87895965,6.851,7.922,-3.887,-3.294,0.56736243,0.41580409,85.44264339,66.28233094,40.26176379,85.44264339,NO
2026-09-30 20:30:30,5.922,-4.834,4.08139142,11.683,12.595,-8.719,-8.289,0.74629804,0.6581183,94.82704892,85.23364486,64.73520249,94.82704892,NO
2026-09-30 20:30:36,5.872,0.57,0.48535422,10.771,13.089,-9.631,-7.795,0.89416025,0.59553824,60.18691589,82.99595142,66.73933354,82.99595142,NO
2026-09-30 20:30:42,5.886,0.923,0.78406388,11.694,13.96,-8.708,-6.924,0.74465538,0.49598854,69.79134226,85.24283935,70.1743462,85.24283935,NO
2026-09-30 20:30:48,5.839,1.252,1.07210139,12.946,14.669,-7.456,-6.215,0.57593079,0.4236826,75.124533,87.61282291,71.89542484,87.61282291,NO
2026-09-30 20:30:54,6.006,0.238,0.1981352,10.071,14.668,-4.105,-5.738,0.407606,0.39119171,42.51478369,80.67828251,71.90416926,80.67828251,NO
2026-09-30 20:31:00,5.782,2.795,2.41698374,10.612,17.461,0.944,-2.941,0.0889559,0.16843251,89.26571251,82.48833593,78.00933126,89.26571251,NO
2026-09-30 20:31:06,5.845,-0.089,0.07613345,5.867,16.068,5.689,-4.512,0.96966081,0.28080657,26.6562986,60.9141791,75.03109453,75.03109453,NO
2026-09-30 20:31:20,14.208,-46.217,16.26442849,49.339,59.172,-43.273,-47.616,0.87705466,0.80470493,99.28482587,98.5390115,97.63755051,99.28482587,NO
2026-09-30 20:31:26,5.858,1.188,1.01399795,50.289,58.106,-42.323,-44.174,0.84159558,0.7602313,74.10631023,98.60161591,97.63828465,98.60161591,NO
2026-09-30 20:31:32,5.849,-1.479,1.26431869,48.973,54.751,-46.597,-40.819,0.95148347,0.74553889,78.27843381,98.53991923,97.51475614,98.53991923,NO
2026-09-30 20:31:37,5.844,-7.69,6.57939767,56.574,61.871,-54.198,-49.079,0.95800191,0.79324724,97.20410065,98.85093168,97.76397516,98.85093168,NO
2026-09-30 20:31:43,5.818,-3.847,3.30611894,60.421,64.795,-58.045,-53.849,0.96067592,0.83106721,93.10559006,99.00651971,97.91990065,99.00651971,NO
2026-09-30 20:31:49,5.777,-11.326,9.80266574,71.747,74.869,-69.371,-66.427,0.96688363,0.88724305,98.44768705,99.22408442,98.10676598,99.22408442,NO
2026-09-30 20:31:55,6.104,3.06,2.50655308,28.59,77.691,-20.094,-63.605,0.70283316,0.818692,89.66480447,96.89730065,98.1073534,98.1073534,NO
2026-09-30 20:32:01,5.832,1.508,1.29286694,28.91,76.404,-19.774,-64.892,0.68398478,0.84932726,78.80856345,96.9292804,98.10794045,98.10794045,NO
2026-09-30 20:32:16,15.273,-5.476,1.79270608,21.37,81.791,-12.234,-70.279,0.57248479,0.85925102,84.8325062,94.4496124,98.23255814,98.23255814,NO
2026-09-30 20:32:22,6.12,0.009,0.00735294,10.053,35.583,-0.899,-24.053,0.08942604,0.67596886,8.18604651,80.65716057,95.10229386,95.10229386,NO
2026-09-30 20:32:28,6.034,-0.634,0.52535631,7.627,35.029,-4.593,-25.875,0.6022027,0.73867367,61.5933044,69.87914472,94.97985745,94.97985745,NO
2026-09-30 20:32:34,5.89,-0.034,0.02886248,6.153,33.584,-6.135,-24.43,0.9970746,0.72742973,16.23799194,62.60842627,94.17596035,94.17596035,NO
2026-09-30 20:32:40,5.933,-0.385,0.32445643,6.538,26.279,-6.52,-17.125,0.99724686,0.65166102,51.36307311,64.60204398,89.718179,89.718179,NO
2026-09-30 20:32:46,5.854,-2.179,1.8611206,8.717,24.611,-8.699,-15.457,0.99793507,0.6280525,85.38247135,75.3869969,88.73065015,88.73065015,NO
2026-09-30 20:32:53,6.534,-0.118,0.09029691,3.35,13.403,-3.35,-4.249,1,0.31701858,28.79256966,37.85205819,67.93562365,67.93562365,NO
2026-09-30 20:32:59,6.031,11.316,9.38152877,14.032,21.659,8.6,4.007,0.61288483,0.18500392,98.35964098,89.26361386,85.21039604,98.35964098,NO
2026-09-30 20:33:05,6.038,-2.212,1.83173236,16.21,22.363,6.422,0.287,0.3961752,0.0128337,85.08663366,91.67955459,86.29755645,91.67955459,NO
2026-09-30 20:33:20,15.671,1.777,0.56697084,15.423,18.664,10.763,7.54,0.69785385,0.40398628,63.03742654,91.15646259,80.70500928,91.15646259,NO
2026-09-30 20:33:26,5.777,1.782,1.54232301,17.087,20.437,12.663,9.313,0.74108972,0.45569311,82.03463203,92.27202473,83.74034003,92.27202473,NO
2026-09-30 20:33:32,5.904,0.809,0.68512873,6.58,20.612,2.156,10.756,0.32765957,0.52183194,66.86244204,64.80222497,83.93077874,83.93077874,NO
2026-09-30 20:33:38,5.889,6.1,5.17914756,10.468,26.678,10.468,16.89,1,0.63310593,96.22991347,82.17485326,89.99073216,96.22991347,NO
2026-09-30 20:33:44,5.791,-0.753,0.65014678,11.221,27.046,9.715,16.522,0.86578736,0.61088516,65.95613222,83.78628783,90.30265596,90.30265596,NO
2026-09-30 20:33:50,5.891,-0.253,0.21473434,11.474,25.12,9.462,18.448,0.82464703,0.7343949,44.13218036,84.56313677,88.7928373,88.7928373,NO
2026-09-30 20:33:56,5.953,0.049,0.04115572,9.746,25.051,7.734,18.615,0.79355633,0.74308411,19.66656375,79.29012346,88.7037037,88.7037037,NO
2026-09-30 20:34:02,6.064,-0.57,0.46998681,8.534,14.305,5.382,6.729,0.63065386,0.47039497,59.32098765,74.26720148,71.15087936,74.26720148,NO
2026-09-30 20:34:17,15.812,-1.969,0.62262838,2.841,14.062,-2.743,6.972,0.9655051,0.4958043,65.28849121,31.98642813,70.32695867,70.32695867,NO
2026-09-30 20:34:23,5.854,0.028,0.02391527,2.616,12.313,-2.462,5.223,0.9411315,0.42418582,15.11412708,28.5538082,63.52143077,63.52143077,NO
2026-09-30 20:34:29,6.048,-0.017,0.01405423,2.584,10.548,-2.528,3.424,0.97832817,0.3246113,11.44002467,28.02096178,55.17879162,55.17879162,NO
2026-09-30 20:34:36,6.201,-1.163,0.93775198,3.177,10.902,-3.121,1.452,0.98237331,0.13318657,72.7188656,35.59322034,57.38058552,72.7188656,NO
2026-09-30 20:34:41,5.792,-0.359,0.30991022,3.536,5.161,-3.48,-5.007,0.9841629,0.97016082,51.03235747,39.58718423,22.27356747,51.03235747,NO
2026-09-30 20:34:47,5.836,0.036,0.03084304,3.572,4.444,-3.444,-4.218,0.96416573,0.94914491,16.66666667,40.16014783,17.52386819,40.16014783,NO
2026-09-30 20:34:53,5.658,-31.75,28.05761753,33.353,35.941,-33.225,-35.715,0.99616226,0.99371192,99.72282107,97.72167488,95.28940887,99.72282107,NO
2026-09-30 20:34:59,5.819,0.004,0.00343702,33.329,35.896,-33.249,-35.76,0.99759969,0.99621128,6.06527094,97.72237612,95.29085873,97.72237612,NO
2026-09-30 20:35:05,6.044,-0.028,0.02316347,33.34,35.354,-33.26,-35.218,0.99760048,0.99615319,14.86611265,97.72307692,95.07692308,97.72307692,NO
2026-09-30 20:35:20,15.052,1.269,0.42153867,33.051,34.654,-30.505,-31.98,0.92296754,0.92283719,57.05936635,97.69372694,94.83394834,97.69372694,NO
2026-09-30 20:35:26,5.83,-3.266,2.80102916,4.567,37.892,-2.021,-35.274,0.44252244,0.9309089,91.14391144,50.10759299,95.94220719,95.94220719,NO
2026-09-30 20:35:31,5.845,11.457,9.80068435,16.02,49.332,9.432,-23.8,0.58876404,0.48244547,98.43221642,91.61032575,97.41856177,98.43221642,NO
2026-09-30 20:35:37,5.917,0.04,0.03380091,16.032,48.209,9.5,-22.597,0.59256487,0.46872991,17.45543946,91.61290323,97.38863287,97.38863287,NO
2026-09-30 20:35:43,5.835,0.162,0.13881748,16.194,48.012,9.662,-22.076,0.59664073,0.45980172,35.5453149,91.61547912,97.38943489,97.38943489,NO
2026-09-30 20:35:49,5.84,0.494,0.42294521,16.688,48.47,10.156,-21.618,0.60858102,0.44600784,57.09459459,91.95578753,97.35953331,97.35953331,NO
2026-09-30 20:35:55,5.839,-0.027,0.0231204,15.446,16.747,8.86,10.105,0.57361129,0.60339165,14.83415233,91.09610071,76.48142462,91.09610071,NO
2026-09-30 20:36:01,5.863,-3.714,3.16732048,15.894,20.457,8.412,6.387,0.52925632,0.31221587,92.50844335,91.43646409,83.57888275,92.50844335,NO
2026-09-30 20:36:07,6.085,-0.006,0.00493016,4.443,20.435,-3.051,6.409,0.68669818,0.31362858,6.90607735,48.94139307,83.52255293,83.52255293,NO
2026-09-30 20:36:22,15.261,-0.52,0.17036891,4.267,19.686,-4.267,4.62,1,0.23468455,39.14110429,47.0101196,82.42870285,82.42870285,NO
2026-09-30 20:36:28,5.966,-5.047,4.22980221,9.287,21.467,-9.287,2.839,1,0.1322495,94.97086783,77.65174739,84.58001226,94.97086783,NO
2026-09-30 20:36:34,6.168,2.871,2.32733463,8.444,12.881,-2.702,-5.747,0.31999053,0.44616101,88.84120172,74.04229237,65.52252528,88.84120172,NO
2026-09-30 20:36:40,5.824,0,0,8.438,12.841,-2.696,-5.787,0.31950699,0.45066584,3.52436408,73.98897059,65.37990196,73.98897059,NO
2026-09-30 20:36:46,5.926,-0.263,0.22190348,8.701,12.942,-2.959,-6.212,0.34007585,0.47998764,44.85294118,75.1914242,65.75803982,75.1914242,NO
2026-09-30 20:36:52,5.891,-2.135,1.81208623,10.836,14.583,-5.094,-8.841,0.47009967,0.60625386,84.96171516,83.12921004,71.4329455,84.96171516,NO
2026-09-30 20:36:58,5.802,-0.283,0.24388142,10.599,14.839,-4.857,-9.097,0.45825078,0.6130467,46.38701776,82.43036425,72.20691766,82.43036425,NO
2026-09-30 20:37:03,5.8,3.832,3.30344828,9.384,14.957,4.022,-1.551,0.42860188,0.10369727,93.08233854,78.18237454,72.49082007,93.08233854,NO
2026-09-30 20:37:10,6.07,-0.154,0.12685338,6.667,15.105,0.997,-1.699,0.14954252,0.11247931,33.96572827,65.09635974,72.77454879,72.77454879,NO
2026-09-30 20:37:25,15.003,0.419,0.13963874,4.688,15.004,3.814,-0.76,0.81356655,0.05065316,35.57662894,51.10091743,72.47706422,72.47706422,NO
2026-09-30 20:37:30,5.854,0.118,0.10078579,4.523,10.075,4.215,4.405,0.9319036,0.43722084,30.51987768,49.61785387,53.04188322,53.04188322,NO
2026-09-30 20:37:37,6.159,-0.036,0.02922552,0.727,7.24,0.347,1.498,0.47730399,0.20690608,16.20299603,4.52322738,36.4608802,36.4608802,NO
2026-09-30 20:37:42,5.74,0.001,0.00087108,0.574,7.241,0.502,1.499,0.87456446,0.20701561,4.3398533,2.93308891,36.4497403,36.4497403,NO
2026-09-30 20:37:48,5.869,-5.807,4.9471801,6.381,12.785,-5.305,-4.045,0.83137439,0.31638639,95.99755576,63.83628589,65.14966402,95.99755576,NO
2026-09-30 20:37:54,5.907,-1.121,0.94887422,7.502,11.771,-6.426,-3.031,0.85657158,0.25749724,73.0299328,69.06870229,60.76335878,73.0299328,NO
2026-09-30 20:38:00,5.851,0.029,0.02478209,7.112,11.517,-6.816,-2.719,0.9583802,0.23608579,15.29770992,67.49084249,59.64590965,67.49084249,NO
2026-09-30 20:38:06,5.849,-0.106,0.09061378,7.1,7.791,-7.04,-6.657,0.9915493,0.85444744,28.84615385,67.47024718,38.9380531,67.47024718,NO
2026-09-30 20:38:22,16.548,-2.799,0.84572154,4.055,10.436,-3.997,-9.302,0.98569667,0.89133768,70.85749161,44.81391092,54.45393533,70.85749161,NO
2026-09-30 20:38:28,5.798,-1.808,1.55915833,4.742,11.825,-4.684,-11.529,0.98776887,0.97496829,82.39780354,51.57060079,60.99420555,82.39780354,NO
2026-09-30 20:38:34,5.916,-0.235,0.19861393,4.948,11.942,-4.948,-11.882,1,0.99497572,42.36047575,53.81097561,61.40243902,61.40243902,NO
2026-09-30 20:38:40,5.792,-0.011,0.00949586,4.853,11.917,-4.853,-11.857,1,0.99496518,9.26829268,52.84974093,61.32276745,61.32276745,NO
2026-09-30 20:38:46,5.77,-4.389,3.80329289,9.242,16.305,-9.242,-16.247,1,0.99644281,94.54434624,77.23948812,75.38086533,94.54434624,NO
2026-09-30 20:38:52,5.927,0.909,0.76682976,10.151,11.407,-8.333,-9.531,0.82090434,0.83553958,69.16514321,80.99299421,59.12275358,80.99299421,NO
2026-09-30 20:38:57,5.81,1.404,1.20826162,8.756,11.69,-4.13,-7.006,0.47167656,0.59931565,77.39872068,75.36540804,60.44457978,77.39872068,NO
2026-09-30 20:39:03,5.87,0.098,0.0834753,7.046,11.759,-2.224,-6.937,0.31564008,0.58993112,27.77101096,67.33637747,60.63926941,67.33637747,NO
2026-09-30 20:39:09,5.843,0.076,0.06503508,6.887,11.729,-1.913,-6.755,0.27776971,0.57592293,24.32267884,66.28119294,60.55995131,66.28119294,NO
2026-09-30 20:39:26,16.945,-3.555,1.048982,5.133,12.485,-1.977,-7.511,0.38515488,0.60160192,74.52830189,55.52175236,64.00973532,74.52830189,NO
2026-09-30 20:39:32,5.893,-0.085,0.07211946,3.814,10.762,-3.466,-5.788,0.90875721,0.53781825,25.73775479,41.97080292,56.26520681,56.26520681,NO
2026-09-30 20:39:38,6.024,-0.706,0.58598938,4.422,11.233,-4.27,-6.259,0.96562641,0.55719754,63.62530414,48.67740955,58.3764062,63.62530414,NO
2026-09-30 20:39:44,5.861,-0.003,0.00255929,4.349,11.225,-4.349,-6.251,1,0.55688196,5.13833992,47.75075988,58.38905775,58.38905775,NO
2026-09-30 20:39:50,5.833,0.26,0.22286988,4.609,7.096,-4.089,-1.602,0.88717726,0.22576099,44.83282675,50.16712246,35.5211182,50.16712246,NO
2026-09-30 20:39:55,5.843,-0.104,0.08899538,4.713,6.291,-4.193,-2.615,0.88966688,0.41567318,28.44120328,51.12393682,28.97934386,51.12393682,NO
2026-09-30 20:40:01,5.76,-2.441,2.11892361,3.599,7.328,-3.079,-6.46,0.85551542,0.88155022,87.63669502,40.14576374,36.77497722,87.63669502,NO
2026-09-30 20:40:07,5.867,-0.455,0.38776206,3.969,7.685,-3.449,-7.013,0.86898463,0.91255693,55.14728211,43.65513054,38.55494839,55.14728211,NO
2026-09-30 20:40:23,16.357,-2.528,0.77275784,5.528,10.137,-5.528,-9.617,1,0.94870277,69.31714719,58.43446602,53.27669903,69.31714719,NO
2026-09-30 20:40:29,6.015,0.005,0.00415628,5.429,6.587,-5.419,-6.057,0.99815804,0.91953848,6.37135922,57.74946921,31.60448893,57.74946921,NO
2026-09-30 20:40:35,5.907,-0.456,0.38598273,3.444,6.958,-3.434,-6.428,0.9970964,0.92382869,55.0500455,38.38690115,34.38447544,55.0500455,NO
2026-09-30 20:40:42,6.266,-0.534,0.42610916,3.523,6.786,-3.513,-6.256,0.99716151,0.92189803,57.15585203,39.01182176,33.19187633,57.15585203,NO
2026-09-30 20:40:48,5.933,0.157,0.1323108,3.68,6.94,-3.356,-6.096,0.91195652,0.87838617,34.76811155,40.84848485,34.24242424,40.84848485,NO
2026-09-30 20:40:53,5.901,-0.328,0.277919,1.48,7.008,-1.156,-6.684,0.78108108,0.95376712,48.96969697,13.99575886,34.9591033,48.96969697,NO
2026-09-30 20:41:00,6.082,0.368,0.30253206,1.843,7.272,-0.793,-6.212,0.43027672,0.85423542,50.74219933,18.65536039,36.43246517,50.74219933,NO
2026-09-30 20:41:05,5.85,-0.687,0.58717949,2.074,5.518,-1.024,-4.458,0.49373192,0.80790141,63.65838886,21.7075386,24.06902816,63.65838886,NO
2026-09-30 20:41:22,16.385,-1.155,0.35245652,2.538,6.218,-1.802,-5.158,0.71000788,0.82952718,53.37571904,26.96731235,28.32929782,53.37571904,NO
2026-09-30 20:41:28,5.822,0.007,0.00601168,2.217,3.697,-1.467,-2.623,0.66170501,0.70949418,7.38498789,23.35854766,13.16187595,23.35854766,NO
2026-09-30 20:41:34,5.931,-0.107,0.09020401,1.956,3.799,-1.942,-2.735,0.99284254,0.7199263,28.62329803,20.1754386,13.76285541,28.62329803,NO
2026-09-30 20:41:39,5.843,0.508,0.4347082,1.777,3.851,-0.747,-1.771,0.42037141,0.45988055,57.6830006,17.961899,13.90988812,57.6830006,NO
2026-09-30 20:41:45,5.812,0,0,1.777,3.317,-0.747,-1.237,0.42037141,0.37292734,3.5379498,17.95646917,11.12454655,17.95646917,NO
2026-09-30 20:41:51,5.955,-0.22,0.18471872,1.997,3.38,-0.967,-1.614,0.48422634,0.47751479,40.62877872,20.55001511,11.42339075,40.62877872,NO
2026-09-30 20:41:57,5.937,-0.406,0.34192353,1.248,3.458,-0.218,-1.692,0.17467949,0.48930017,52.73496525,10.72507553,11.78247734,52.73496525,NO
2026-09-30 20:42:03,5.906,-0.476,0.40298002,1.717,3.566,-0.701,-2.536,0.40827024,0.71116096,55.89123867,17.24554515,12.41316823,55.89123867,NO
2026-09-30 20:42:20,16.837,0.245,0.07275643,1.347,3.124,-0.857,-1.604,0.63622866,0.5134443,25.9057971,12.16420163,9.7796559,25.9057971,NO
2026-09-30 20:42:26,5.866,5.303,4.52011592,6.43,7.272,4.666,4.854,0.72566096,0.66749175,95.50256565,63.82015691,36.36089318,95.50256565,NO
2026-09-30 20:42:32,5.842,0.054,0.04621705,6.078,7.319,5.126,4.901,0.84336953,0.669627,20.76041038,61.80995475,36.56108597,61.80995475,NO
2026-09-30 20:42:38,6.246,0.059,0.04723023,5.661,7.271,5.661,5.067,1,0.69687801,20.9653092,59.28829916,36.39927624,59.28829916,NO
2026-09-30 20:42:44,5.876,-0.795,0.6764806,6.456,7.558,4.866,3.764,0.75371747,0.49801535,66.61640531,63.88302683,37.65450708,66.61640531,NO
2026-09-30 20:42:50,5.897,0.476,0.40359505,6.932,8.034,5.342,4.24,0.77062897,0.52775703,55.89388001,66.30500301,40.35563593,66.30500301,NO
2026-09-30 20:42:55,5.81,-2.871,2.4707401,9.558,10.685,2.226,1.589,0.23289391,0.14871315,89.57203134,78.54775535,55.64929196,89.57203134,NO
2026-09-30 20:43:01,5.787,1.604,1.38586487,5.859,11.883,-1.473,3.599,0.25140809,0.30286965,80.14462187,60.36144578,61.08433735,80.14462187,NO
2026-09-30 20:43:07,5.92,-0.059,0.04983108,5.864,11.466,-1.586,4.016,0.27046385,0.35025292,21.68674699,60.37338151,59.28937067,60.37338151,NO
2026-09-30 20:43:24,16.681,-0.305,0.09142138,4.839,11.526,-1.631,3.466,0.33705311,0.30071144,28.90695574,52.40818784,59.54244431,59.54244431,NO
2026-09-30 20:43:30,5.884,-0.819,0.69595513,2.787,7.042,0.421,-2.656,0.15105849,0.37716558,67.09813365,30.72524827,35.05868191,67.09813365,NO
2026-09-30 20:43:35,5.865,0.265,0.22591645,1.448,7.253,-0.918,-2.445,0.6339779,0.33710189,45.13993379,13.44765343,36.25150421,45.13993379,NO
2026-09-30 20:43:41,5.931,0.389,0.32793795,1.778,7.583,-0.47,-2.115,0.26434196,0.27891336,51.71480144,17.86466165,37.62406015,51.71480144,NO
2026-09-30 20:43:48,6.142,0.217,0.17665256,1.995,7.005,-0.253,-1.103,0.12681704,0.15745896,39.84962406,20.44497895,34.81659651,39.84962406,NO
2026-09-30 20:43:53,5.824,2.152,1.84752747,4.147,8.681,1.899,0.573,0.45792139,0.06600622,85.23752255,45.53651939,44.57469191,85.23752255,NO
2026-09-30 20:43:59,5.886,0,0,3.842,5.81,2.204,3.444,0.57365955,0.59277108,3.57679591,42.15745192,25.99158654,42.15745192,NO
2026-09-30 20:44:05,5.829,-0.014,0.01200892,3.037,4.22,3.009,1.826,0.99078038,0.43270142,10.48677885,33.82397116,15.83057975,33.82397116,NO
2026-09-30 20:44:11,5.864,-0.994,0.84754434,3.766,5.155,1.75,0.891,0.46468401,0.1728419,70.92219886,41.71171171,21.92192192,70.92219886,NO
2026-09-30 20:44:27,16.425,-0.909,0.27671233,1.917,5.759,-1.917,0.287,1,0.04983504,48.94894895,19.54368058,25.87811468,48.94894895,NO
2026-09-30 20:44:33,5.858,0.04,0.03414135,1.957,4.98,-1.877,1.146,0.9591211,0.23012048,17.44220955,20.07803121,20.70828331,20.70828331,NO
2026-09-30 20:44:39,5.846,0.116,0.09921314,2.059,4.831,-1.747,0.997,0.84847013,0.20637549,30.07202881,21.27212721,19.6519652,30.07202881,NO
2026-09-30 20:44:45,6.043,-0.347,0.28710905,1.412,4.789,-1.1,0.261,0.77903683,0.0544999,49.8649865,13.01739652,19.49610078,49.8649865,NO
2026-09-30 20:44:51,5.845,0.555,0.47476476,1.967,5.127,-0.545,0.599,0.27707168,0.11683246,59.47810438,20.08995502,21.88905547,59.47810438,NO
2026-09-30 20:44:57,5.827,-0.55,0.47194096,2.517,3.525,-1.095,-2.103,0.43504172,0.59659574,59.40029985,26.76858513,12.20023981,59.40029985,NO
2026-09-30 20:45:03,5.916,-5.172,4.37119675,6.78,8.697,-5.358,-7.275,0.79026549,0.83649534,95.29376499,65.29817201,44.83068625,95.29376499,NO
2026-09-30 20:45:19,16.637,1.773,0.53284847,8.05,9.462,-3.394,-4.494,0.42161491,0.47495244,61.79202877,72.13900539,49.52067106,72.13900539,NO
2026-09-30 20:45:25,5.873,0.023,0.01958113,7.518,9.485,-3.926,-4.471,0.52221335,0.47137586,13.63091672,69.18238994,49.59568733,69.18238994,NO
2026-09-30 20:45:31,5.899,-0.071,0.06017969,7.039,8.647,-3.447,-3.633,0.48970024,0.42014572,23.3902366,67.03592814,44.4011976,67.03592814,NO
2026-09-30 20:45:37,5.772,3.855,3.33939709,5.722,12.462,5.58,0.182,0.9751835,0.0146044,93.20359281,59.65279856,63.90302305,93.20359281,NO
2026-09-30 20:45:43,5.857,0.426,0.36366741,6.148,12.772,6.006,0.492,0.97690306,0.03852177,54.14546543,62.20825853,65.08078995,65.08078995,NO
2026-09-30 20:45:49,5.93,-0.462,0.38954469,6.61,12.887,5.544,0.377,0.8387292,0.02925429,55.2962298,64.55279689,65.30062818,65.30062818,NO
2026-09-30 20:45:55,5.873,-0.186,0.15835178,5.023,12.518,3.585,-0.364,0.7137169,0.02907813,37.81034999,54.45574163,64.05502392,64.05502392,NO
2026-09-30 22:10:05,5.917,0.308,0.26026703,2.166,5.993,-0.71,-4.537,0.32779317,0.75704989,49.49954504,25.56869882,31.57415833,49.49954504,NO
2026-09-30 22:10:25,19.922,1.492,0.3744604,1.806,3.659,1.794,0.781,0.99335548,0.2134463,56.67880996,20.30965392,14.571949,56.67880996,NO
2026-09-30 22:10:31,6.027,0.884,0.73336652,2.684,4.542,2.684,1.666,1,0.36679877,70.24893746,33.02975106,20.46144505,70.24893746,NO
2026-09-30 22:10:37,5.739,0.08,0.06969855,2.456,4.606,2.456,1.762,1,0.38254451,26.56344869,29.47783849,21.06860959,29.47783849,NO
2026-09-30 22:10:43,5.827,-2.933,2.51673245,5.389,6.302,-0.477,0.066,0.08851364,0.01047287,90.9228901,61.59684274,34.00121433,90.9228901,NO
2026-09-30 22:10:49,5.77,2.913,2.52426343,8.302,9.036,2.436,3.158,0.29342327,0.34949093,90.95324833,76.50273224,52.79295689,90.95324833,NO
2026-09-30 22:10:55,5.85,-0.018,0.01538462,8.32,8.634,2.418,2.72,0.290625,0.31503359,12.35579842,76.53309047,50.24286582,76.53309047,NO
2026-09-30 22:11:00,5.765,-0.001,0.0008673,6.829,8.629,0.925,2.725,0.13545175,0.31579557,4.12871888,69.55069824,50.21250759,69.55069824,NO
2026-09-30 22:11:06,5.755,-0.173,0.15030408,6.118,8.494,-0.132,2.244,0.02157568,0.26418648,38.19064967,65.93806922,49.48391014,65.93806922,NO
2026-09-30 22:11:21,15.383,0.574,0.18656959,0.766,9.068,0.382,2.818,0.49869452,0.31076312,42.4233222,5.28393562,52.80898876,52.80898876,NO
2026-09-30 22:11:27,5.986,3.487,2.91262947,4.235,11.063,3.887,4.813,0.91782763,0.43505378,92.52960826,50.50106286,62.61767385,92.52960826,NO
2026-09-30 22:11:33,6.031,5.654,4.68744818,9.888,15.833,9.542,9.583,0.96500809,0.60525485,96.41664136,82.38688126,78.40874582,96.41664136,NO
2026-09-30 22:11:39,5.844,2.759,2.36054073,12.474,18.512,12.474,12.262,1,0.66238116,90.13058002,88.12632858,83.29790465,90.13058002,NO
2026-09-30 22:11:45,5.735,2.588,2.25632084,15.062,18.167,15.062,17.783,1,0.97886277,89.55359854,91.92225934,82.72092317,91.92225934,NO
2026-09-30 22:11:51,5.918,2.707,2.28709023,17.769,17.961,17.769,17.577,1,0.97862034,89.73580322,94.56422715,82.41724871,94.56422715,NO
2026-09-30 22:11:57,5.86,-1.088,0.92832765,18.283,19.031,16.107,16.507,0.88098233,0.86737428,74.96962333,94.74483597,84.2345079,94.74483597,NO
2026-09-30 22:12:03,5.857,5.401,4.61072221,20.197,24.431,18.021,21.909,0.89226123,0.8967705,96.32442284,95.65613609,91.31227217,96.32442284,NO
2026-09-30 22:12:21,18.005,3.343,0.92835324,12.539,27.601,10.363,25.425,0.82646144,0.92116228,75.02278943,88.21027043,93.6189608,93.6189608,NO
2026-09-30 22:12:27,5.837,0.825,0.70669865,10.657,27.852,8.481,25.676,0.79581496,0.92187276,69.43178365,84.62473412,93.74050441,93.74050441,NO
2026-09-30 22:12:32,5.826,3.153,2.70597322,12.722,27.518,12.722,25.342,1,0.92092449,91.64387724,88.60528715,93.6189608,93.6189608,NO
2026-09-30 22:12:38,5.901,-0.005,0.00423657,7.326,21.869,7.316,19.683,0.998635,0.90004115,6.3810392,72.04497113,88.24065634,88.24065634,NO
2026-09-30 22:12:44,5.882,1.956,1.66269976,9.282,21.066,9.272,18.88,0.99892265,0.89623089,85.34954407,80.15197568,86.83890578,86.83890578,NO
2026-09-30 22:12:50,5.811,-0.346,0.29771124,9.628,18.824,8.926,15.946,0.92708766,0.84711007,52.43161094,81.55015198,83.86018237,83.86018237,NO
2026-09-30 22:12:56,5.918,0.772,0.65224738,7.057,16.889,6.355,14.011,0.9005243,0.82959323,67.72036474,70.97264438,80.30395137,80.30395137,NO
2026-09-30 22:13:02,5.987,-0.027,0.02254886,6.259,15.828,5.503,15.072,0.87921393,0.95223654,14.86322188,66.65653495,78.29787234,78.29787234,NO
2026-09-30 22:13:08,5.767,1.723,1.49384429,4.829,12.15,4.073,11.394,0.84344585,0.93777778,83.19148936,56.2006079,66.80851064,83.19148936,NO
2026-09-30 22:13:25,17.477,0.051,0.0145906,2.573,8.858,2.519,8.102,0.97901283,0.91465342,11.88811189,30.5868045,51.20097294,51.20097294,NO
2026-09-30 22:13:31,5.801,-0.009,0.00775728,1.81,8.042,1.738,7.268,0.96022099,0.90375528,8.39160839,19.9756765,45.94101551,45.94101551,NO
2026-09-30 22:13:37,5.769,-0.093,0.08060322,1.876,4.982,1.672,4.022,0.891258,0.8073063,28.61051991,21.07023411,23.77622378,28.61051991,NO
2026-09-30 22:13:43,6.042,-1.578,1.30585899,1.731,6.555,-1.629,2.449,0.94107452,0.37360793,81.26520681,19.03892944,35.97931873,81.26520681,NO
2026-09-30 22:13:49,5.837,-0.662,0.56707213,2.393,5.261,-2.291,-0.169,0.95737568,0.03212317,64.93309002,28.10218978,26.03406326,64.93309002,NO
2026-09-30 22:13:54,5.845,0.014,0.01197605,2.407,4.929,-2.277,0.191,0.94599086,0.03875025,10.58394161,28.31508516,23.47931873,28.31508516,NO
2026-09-30 22:14:00,5.83,0.625,0.53602058,2.981,4.782,-1.703,0.044,0.5712848,0.00920117,63.86861314,36.52676399,22.17153285,63.86861314,NO
2026-09-30 22:14:06,5.759,-0.001,0.00086821,2.973,4.756,-1.695,0.07,0.57013118,0.01471825,4.07418668,36.48525388,21.98236546,36.48525388,NO
2026-09-30 22:14:23,17.119,-0.068,0.01986097,0.708,3.101,0.57,-1.721,0.80508475,0.55498226,13.92520523,4.62146549,10.51991487,13.92520523,NO
2026-09-30 22:14:29,6.203,0.108,0.08705465,0.802,3.158,0.664,-1.664,0.82793017,0.52691577,29.43143813,5.65521435,10.91517178,29.43143813,NO
2026-09-30 22:14:35,5.941,0.505,0.42501262,0.682,3.654,0.544,-1.15,0.79765396,0.31472359,59.13651566,4.22620857,14.32046215,59.13651566,NO
2026-09-30 22:14:41,5.835,-0.862,0.7386461,1.543,4.423,-0.317,-1.919,0.20544394,0.43386842,69.99087869,16.26634235,19.33718455,69.99087869,NO
2026-09-30 22:14:47,6.027,-1.308,1.08511697,2.851,4.153,-1.625,-1.649,0.56997545,0.39706236,77.55474453,34.7323601,17.33576642,77.55474453,NO
2026-09-30 22:14:53,5.796,-0.13,0.11214631,2.981,3.621,-1.755,-1.117,0.58872861,0.30847832,32.84671533,36.25304136,13.95985401,36.25304136,NO
2026-09-30 22:14:59,5.894,-0.054,0.0458093,2.967,3.661,-1.741,-1.185,0.586788,0.32368205,21.10705596,36.13138686,14.17274939,36.13138686,NO
2026-09-30 22:15:05,5.832,-8.832,7.57201646,11.691,11.868,-10.681,-10.642,0.91360876,0.896697,98.35766423,86.83090024,65.32846715,98.35766423,NO
2026-09-30 22:15:21,16.244,-0.028,0.00861857,9.044,11.895,-9.044,-10.669,1,0.89693148,8.76178887,79.06905993,65.31791908,79.06905993,NO
2026-09-30 22:15:27,5.73,-0.252,0.21989529,9.166,12.079,-9.166,-10.853,1,0.89850153,45.7864314,79.37328871,66.1089139,79.37328871,NO
2026-09-30 22:15:32,5.86,-0.088,0.07508532,9.2,12.059,-9.2,-11.049,1,0.91624513,27.31974445,79.49498023,65.89595376,79.49498023,NO
2026-09-30 22:15:38,5.692,0.162,0.14230499,0.53,11.716,-0.206,-11.392,0.38867925,0.97234551,36.90295102,2.25129297,64.46607849,64.46607849,NO
2026-09-30 22:15:44,5.869,-0.114,0.09712046,0.644,10.968,-0.32,-10.644,0.49689441,0.97045952,31.03133556,3.65074536,61.66717371,61.66717371,NO
2026-09-30 22:15:50,5.97,0.259,0.21691792,0.903,9.919,-0.061,-9.077,0.0675526,0.91511241,45.39093398,6.66261028,56.31274719,56.31274719,NO
2026-09-30 22:15:56,5.813,-0.36,0.30965078,1.235,10.149,-0.393,-9.307,0.31821862,0.91703616,52.60115607,11.22604198,57.56008518,57.56008518,NO
2026-09-30 22:16:02,5.731,0.028,0.02442855,1.011,10.123,-0.113,-9.225,0.11177052,0.91129112,15.18101612,8.33586857,57.46881655,57.46881655,NO
2026-09-30 22:16:07,5.828,0,0,0.923,1.291,-0.025,-0.393,0.02708559,0.30441518,3.28567082,6.90599331,0.85184058,6.90599331,NO
2026-09-30 22:16:25,17.145,2.066,0.60250802,2.454,3.329,1.734,1.701,0.70660147,0.51096425,65.93607306,28.43226788,11.78082192,65.93607306,NO
2026-09-30 22:16:30,5.766,3.129,2.71331946,5.223,6.206,5.223,5.082,1,0.81888495,91.71993912,59.8173516,32.35920852,91.71993912,NO
2026-09-30 22:16:36,5.846,-2.496,2.13479302,7.691,8.614,2.699,2.674,0.35092966,0.31042489,88.85844749,73.48554033,49.19330289,88.85844749,NO
2026-09-30 22:16:42,5.792,-0.371,0.32026934,8.062,8.823,2.328,2.141,0.28876209,0.24266123,52.90715373,75.40334855,50.4718417,75.40334855,NO
2026-09-30 22:16:48,5.87,1.585,1.35008518,9.647,10.294,3.913,3.84,0.40561833,0.37303283,81.76560122,81.61339422,58.35616438,81.76560122,NO
2026-09-30 22:16:54,5.92,0,0,9.647,10.035,3.913,3.581,0.40561833,0.35685102,3.28767123,81.61339422,57.22983257,81.61339422,NO
2026-09-30 22:17:00,5.878,-2.754,2.34263355,10.335,12.429,-0.907,1.187,0.08776004,0.09550245,90.0456621,83.56164384,68.06697108,90.0456621,NO
2026-09-30 22:17:05,5.857,-0.409,0.34915486,7.615,12.81,-4.445,0.75,0.58371635,0.05854801,54.64231355,73.12024353,69.7108067,73.12024353,NO
2026-09-30 22:17:22,16.203,-1.104,0.34067765,4.267,13.914,-4.267,-0.354,1,0.025442,53.83912249,50.15234613,73.8269348,73.8269348,NO
2026-09-30 22:17:27,5.854,0.01,0.00854117,4.277,11.858,-4.257,-2.41,0.99532383,0.20323832,8.65326021,50.33516149,65.5393053,65.5393053,NO
2026-09-30 22:17:33,5.812,-1.839,1.58207158,3.362,10.568,-3.342,-7.378,0.99405116,0.69814534,84.30834857,40.55453991,59.53686776,84.30834857,NO
2026-09-30 22:17:39,5.864,-1.321,1.12636426,4.274,9.393,-4.254,-6.203,0.99532054,0.66038539,78.33638026,50.21328458,53.74771481,78.33638026,NO
2026-09-30 22:17:45,5.83,0.086,0.07375643,4.36,9.108,-4.168,-5.746,0.9559633,0.63087396,26.96526508,51.09689214,51.95003047,51.95003047,NO
2026-09-30 22:17:51,5.823,11.244,9.6548171,15.604,18.767,7.076,3.913,0.45347347,0.20850429,98.90310786,92.71785497,83.97318708,98.90310786,NO
2026-09-30 22:17:57,5.844,-0.896,0.76659822,15.396,19.663,7.284,3.017,0.4731099,0.15343539,70.53625838,92.56550884,85.46617916,92.56550884,NO
2026-09-30 22:18:02,5.813,-1.538,1.32289696,16.924,18.447,5.736,4.233,0.33892697,0.22946821,81.29189519,93.81474711,83.51614869,93.81474711,NO
2026-09-30 22:18:08,5.811,-3.164,2.72242299,18.249,21.202,4.411,1.478,0.24171187,0.0697104,91.74283973,94.88117002,87.32480195,94.88117002,NO
2026-09-30 22:18:25,16.479,0.072,0.02184599,5.67,20.17,-5.526,2.654,0.97460317,0.13158156,14.26394392,62.57238647,85.91892716,85.91892716,NO
2026-09-30 22:18:31,5.93,0.052,0.04384486,4.826,20.212,-4.578,2.696,0.94861169,0.13338611,20.29868942,55.59280707,86.07131972,86.07131972,NO
2026-09-30 22:18:37,5.827,-0.743,0.63754934,4.031,19.116,-3.783,3.792,0.9384768,0.19836786,66.68698568,47.54647973,84.73026516,84.73026516,NO
2026-09-30 22:18:42,5.785,0.73,0.63094209,1.597,18.525,0.111,5.843,0.06950532,0.31541161,66.35172204,16.48887534,83.63303871,83.63303871,NO
2026-09-30 22:18:48,5.962,-0.838,0.7027843,2.435,19.277,-0.727,4.919,0.29856263,0.25517456,68.63761048,27.82688205,84.97409326,84.97409326,NO
2026-09-30 22:18:54,5.84,-1.406,1.20376712,3.841,9.439,-2.133,-7.731,0.55532413,0.81904863,79.30508991,45.04724169,53.67266077,79.30508991,NO
2026-09-30 22:19:00,6.033,0.025,0.02071938,3.794,8.568,-2.18,-6.81,0.57459146,0.79481793,13.95915879,44.590064,48.39987809,48.39987809,NO
2026-09-30 22:19:19,19.094,1.721,0.45066513,3.152,5.587,0.34,-0.387,0.10786802,0.06926794,60.10978957,37.63342482,27.63037511,60.10978957,NO
2026-09-30 22:19:25,5.675,-0.108,0.09515419,1.854,5.623,1.638,-0.567,0.88349515,0.10083585,30.43610857,19.88411101,27.84385483,30.43610857,NO
2026-09-30 22:19:31,5.913,-0.47,0.39742939,2.299,6.041,1.143,-1.089,0.49717268,0.18026817,56.93809088,25.89204026,30.64958829,56.93809088,NO
2026-09-30 22:19:37,5.854,0.016,0.01366587,2.315,5.314,1.159,-0.33,0.50064795,0.06210011,11.10094541,26.10551998,25.58706923,26.10551998,NO
2026-09-30 22:19:43,5.882,0,0,2.315,4.584,1.159,-1.06,0.50064795,0.23123909,3.17169869,26.10551998,19.7621226,26.10551998,NO
2026-09-30 22:19:48,5.727,0.03,0.02619172,2.345,3.776,1.189,-0.192,0.50703625,0.05084746,15.3705398,26.53247941,14.60811223,26.53247941,NO
2026-09-30 22:19:54,6.062,0.011,0.00907291,0.635,2.381,-0.521,1.225,0.82047244,0.51448971,8.69167429,3.50716682,5.61146691,8.69167429,NO
2026-09-30 22:20:00,5.947,0.023,0.01933748,0.55,2.379,-0.39,1.223,0.70909091,0.51408155,13.26623971,2.53125953,5.58096981,13.26623971,NO
2026-09-30 22:20:07,6.203,-0.786,0.6335644,0.866,3.165,-0.706,0.437,0.81524249,0.13807267,66.51418115,6.12991766,10.58249466,66.51418115,NO
2026-09-30 22:20:19,12.85,-0.047,0.01828794,0.867,1.491,-0.799,-1.331,0.92156863,0.89268947,12.87370348,6.13178768,1.70835876,12.87370348,NO
2026-09-30 22:20:25,5.645,-0.004,0.00354296,0.86,1.387,-0.814,-1.227,0.94651163,0.88464311,5.94874924,6.13178768,1.31177547,6.13178768,NO
2026-09-30 22:20:31,5.853,-0.342,0.29215787,1.179,1.259,-1.179,-1.099,1,0.87291501,51.31177547,10.585723,0.73215375,51.31177547,NO
2026-09-30 22:20:37,5.789,2.317,2.00120919,2.71,3.576,1.924,1.218,0.7099631,0.34060403,87.4923734,31.66564979,13.36180598,87.4923734,NO
2026-09-30 22:20:42,5.807,0.025,0.02152574,2.735,3.585,1.949,1.227,0.71261426,0.34225941,14.18547895,32.03172666,13.4533252,32.03172666,NO
2026-09-30 22:20:48,5.87,0.037,0.03151618,2.772,3.592,1.986,1.234,0.71645022,0.3435412,16.68700427,32.42830995,13.4533252,32.42830995,NO
2026-09-30 22:20:54,5.655,0.487,0.4305924,3.212,4.079,2.52,1.721,0.78455791,0.42191714,58.87736425,38.25503356,16.47345943,58.87736425,NO
2026-09-30 22:21:00,6.068,0.614,0.50593276,3.822,4.682,3.138,2.324,0.82103611,0.49636907,62.29408176,44.50884686,20.40878585,62.29408176,NO
2026-09-30 22:21:06,5.847,0.024,0.02052335,3.504,4.683,3.504,2.325,1,0.49647662,13.84990848,41.30567419,20.43929225,41.30567419,NO
2026-09-30 22:21:22,16.548,-0.241,0.07281847,1.366,4.091,0.884,2.917,0.64714495,0.7130286,26.4957265,13.003663,16.54456654,26.4957265,NO
2026-09-30 22:21:28,5.885,-0.184,0.15632965,1.063,4.271,0.213,2.737,0.20037629,0.64083353,38.12576313,9.004884,17.73504274,38.12576313,NO
2026-09-30 22:21:34,5.878,1.722,1.46478394,2.171,5.651,1.321,4.801,0.60847536,0.84958414,82.63125763,24.20634921,27.77777778,82.63125763,NO
2026-09-30 22:21:40,5.835,-0.412,0.35304199,2.559,3.746,0.885,2.072,0.34583822,0.55312333,54.54822955,29.3956044,14.56043956,54.54822955,NO
2026-09-30 22:21:46,5.826,0.017,0.01458977,2.576,3.738,0.902,2.064,0.35015528,0.55216693,11.56898657,29.67032967,14.52991453,29.67032967,NO
2026-09-30 22:21:52,5.862,0.706,0.60218356,3.282,4.407,1.608,2.733,0.48994516,0.62014976,65.41514042,39.25518926,18.68131868,65.41514042,NO
2026-09-30 22:21:58,5.789,0.219,0.18915184,3.26,4.139,2.068,2.465,0.63435583,0.59555448,41.75824176,39.01098901,16.84981685,41.75824176,NO
2026-09-30 22:22:03,5.958,-0.347,0.2912051,3.423,3.872,1.905,1.504,0.55652936,0.38842975,51.22100122,40.68986569,15.29304029,51.22100122,NO
2026-09-30 22:22:10,6.28,0.15,0.11942675,1.851,3.998,0.333,1.63,0.17990276,0.40770385,33.18070818,19.84126984,16.02564103,33.18070818,NO
2026-09-30 22:22:25,15.111,0.892,0.29514923,1.608,4.649,0.914,2.763,0.56840796,0.59432136,51.45126795,16.71249618,20.19553926,51.45126795,NO
2026-09-30 22:22:31,5.839,0.432,0.36992636,1.821,4.897,1.127,3.379,0.61889072,0.69001429,55.4842652,19.340055,22.2731439,55.4842652,NO
2026-09-30 22:22:37,5.835,0.857,0.73436161,2.331,4.032,2.331,2.514,1,0.6235119,69.38588451,26.24503514,16.25420104,69.38588451,NO
2026-09-30 22:22:42,5.784,-0.015,0.0129668,2.196,3.635,2.166,2.911,0.9863388,0.80082531,10.78521234,24.71738466,13.84051329,24.71738466,NO
2026-09-30 22:22:48,6.034,-0.504,0.41763341,2.7,4.122,1.662,2.39,0.61555556,0.57981562,57.98961198,31.50015277,16.80415521,57.98961198,NO
2026-09-30 22:22:54,5.888,0.17,0.14436141,2.87,3.586,1.832,1.854,0.63832753,0.5170106,36.54139933,34.1888176,13.47387718,36.54139933,NO
2026-09-30 22:23:00,5.933,-0.016,0.0134839,1.994,3.383,0.924,1.619,0.46339017,0.47856932,11.02963642,21.75374274,12.03788573,21.75374274,NO
2026-09-30 22:23:06,6.043,-0.028,0.0231673,1.59,3.064,0.464,1.938,0.2918239,0.63250653,14.69599756,16.37641308,9.89917507,16.37641308,NO
2026-09-30 22:23:21,14.897,-0.068,0.02282339,0.282,2.982,0.058,1.72,0.20567376,0.5767941,14.51711491,0.88630807,9.32151589,14.51711491,NO
2026-09-30 22:23:27,5.828,-1.462,1.25428964,1.574,3.552,-1.574,-0.634,1,0.17849099,79.95110024,16.19804401,13.20293399,79.95110024,NO
2026-09-30 22:23:33,5.795,-0.005,0.00431406,1.563,3.125,-1.563,-1.071,1,0.34272,6.32640587,16.01466993,10.3606357,16.01466993,NO
2026-09-30 22:23:39,5.821,0.259,0.22247037,1.794,2.527,-1.276,-1.669,0.71125975,0.66046696,45.44621027,19.0403423,6.29584352,45.44621027,NO
2026-09-30 22:23:44,5.853,0.014,0.01195968,1.808,2.526,-1.262,-1.64,0.69800885,0.64924782,10.17726161,19.07090465,6.29584352,19.07090465,NO
2026-09-30 22:23:50,5.764,2.075,1.7999653,3.883,4.097,0.813,0.939,0.2093742,0.22919209,85.84963325,44.80440098,16.41198044,85.84963325,NO
2026-09-30 22:23:56,5.665,0.309,0.27272727,4.124,4.236,1.19,1.078,0.2885548,0.25448536,49.38875306,47.70782396,17.3594132,49.38875306,NO
2026-09-30 22:24:02,5.894,-1.032,0.87546658,3.694,5.252,1.62,0.062,0.438549,0.01180503,72.76894866,42.97066015,24.78606357,72.76894866,NO
2026-09-30 22:24:17,15.758,-3.696,1.17273766,7.112,8.92,-2.344,-3.606,0.3295838,0.40426009,78.71559633,70.64220183,49.90825688,78.71559633,NO
2026-09-30 22:24:23,5.9,0.426,0.36101695,5.463,9.278,-3.993,-3.112,0.73091708,0.33541712,54.89296636,60.73394495,51.86544343,60.73394495,NO
2026-09-30 22:24:29,5.876,0.022,0.01872022,5.176,7.838,-4.28,-1.628,0.82689335,0.20770605,12.87461774,58.28746177,42.96636086,58.28746177,NO
2026-09-30 22:24:35,5.73,-0.08,0.06980803,4.224,7.913,-3.328,-1.703,0.78787879,0.21521547,25.50458716,48.68501529,43.39449541,48.68501529,NO
2026-09-30 22:24:41,5.821,0.005,0.00429479,4.229,7.659,-3.323,-1.957,0.78576496,0.25551639,6.23853211,48.71559633,42.14067278,48.71559633,NO
2026-09-30 22:24:47,5.885,-0.177,0.15038233,4.406,7.822,-3.5,-2.148,0.79437131,0.27461007,37.0030581,50.76452599,42.96636086,50.76452599,NO
2026-09-30 22:24:52,5.692,-0.007,0.00614898,0.717,5.754,0.189,-4.23,0.26359833,0.73514077,7.21712538,4.49541284,28.01223242,28.01223242,NO
2026-09-30 22:24:58,5.774,0.023,0.01991687,0.314,5.468,-0.214,-4.516,0.68152866,0.82589612,13.45565749,0.97859327,26.08562691,26.08562691,NO
2026-09-30 22:25:04,5.681,0.101,0.0888928,0.393,4.537,-0.135,-3.383,0.34351145,0.7456469,28.74617737,1.28440367,19.17431193,28.74617737,NO
2026-09-30 22:25:17,13.097,-1.824,0.69634267,1.955,6.361,-1.707,-5.207,0.87314578,0.81858198,67.94126644,21.10737229,32.48699908,67.94126644,NO
2026-09-30 22:25:23,5.815,0.363,0.31212382,2.311,3.028,-1.337,-1.148,0.57853743,0.37912814,51.91189966,25.5735699,9.51361273,51.91189966,NO
2026-09-30 22:25:29,5.813,-0.119,0.10235679,2.407,2.721,-1.479,-1.693,0.61445783,0.62219772,30.89629856,26.95013766,7.24992352,30.89629856,NO
2026-09-30 22:25:34,5.837,-1.533,1.31317458,3.839,4.232,-3.113,-3.248,0.81088825,0.76748582,80.63628021,44.08075864,17.28357296,80.63628021,NO
2026-09-30 22:25:40,5.893,1.179,1.00033939,5.018,5.331,-1.934,-1.989,0.38541251,0.37310073,75.46650352,56.59223004,25.08412359,75.46650352,NO
2026-09-30 22:25:46,5.845,-0.007,0.00598802,5.025,5.333,-1.941,-2.001,0.38626866,0.37521095,7.00520037,56.68400122,25.05353319,56.68400122,NO
2026-09-30 22:25:52,5.854,0,0,3.201,5.156,-0.117,-1.824,0.03655108,0.35376261,3.08962986,37.59559498,23.95227898,37.59559498,NO
2026-09-30 22:25:58,5.831,0.094,0.08060367,2.932,5.243,-0.386,-1.723,0.13165075,0.32862865,27.56194555,34.20006118,24.50290609,34.20006118,NO
2026-09-30 22:26:04,6.259,0.009,0.00718965,2.822,5.128,-0.258,-1.838,0.09142452,0.35842434,7.61700826,32.70113184,23.73814622,32.70113184,NO
2026-09-30 22:26:22,18.041,-0.272,0.07538385,0.375,3.576,-0.169,-0.286,0.45066667,0.07997763,26.62993572,1.25497398,13.16192225,26.62993572,NO
2026-09-30 22:26:28,5.924,-0.046,0.03882512,0.327,3.259,-0.309,-0.695,0.94495413,0.2132556,18.85521886,1.01010101,11.08050199,18.85521886,NO
2026-09-30 22:26:34,5.825,-0.202,0.17339056,0.529,3.342,-0.511,-0.778,0.96597354,0.23279473,39.91429446,2.17324763,11.69268442,39.91429446,NO
2026-09-30 22:26:40,5.843,-12.825,10.97467055,13.345,14.634,-13.345,-12.07,1,0.82479158,99.02050811,89.43985308,74.56382002,99.02050811,NO
2026-09-30 22:26:46,5.837,-0.016,0.01370567,13.361,13.471,-13.361,-13.265,1,0.98470789,10.89684726,89.50107132,71.10498929,89.50107132,NO
2026-09-30 22:26:51,5.713,-0.027,0.02363032,13.388,13.491,-13.388,-13.285,1,0.98473056,14.63116009,89.50107132,71.19681665,89.50107132,NO
2026-09-30 22:26:57,5.834,0.403,0.3453891,13.519,13.894,-12.713,-12.882,0.94038021,0.9271628,53.81083563,89.71533517,72.543618,89.71533517,NO
2026-09-30 22:27:03,5.863,-0.926,0.78969811,14.399,14.726,-13.593,-13.902,0.94402389,0.94404455,70.73767983,91.09274564,75.17600245,91.09274564,NO
2026-09-30 22:27:20,16.951,-0.333,0.09822429,1.689,15.05,-0.883,-14.244,0.52279455,0.94644518,30.4654011,17.26883037,75.90324556,75.90324556,NO
2026-09-30 22:27:26,6.084,-0.008,0.00657462,1.67,14.786,-0.864,-13.98,0.51736527,0.94548898,7.25658298,16.96264544,75.2296387,75.2296387,NO
2026-09-30 22:27:32,5.864,-20.119,17.15467258,21.386,34.859,-21.386,-34.053,1,0.97687828,99.84690753,96.35639927,96.60134721,99.84690753,NO
2026-09-30 22:27:38,5.83,0.038,0.03259005,20.498,34.695,-20.422,-33.813,0.99629232,0.97457847,16.93202694,95.83588487,96.54011023,96.54011023,NO
2026-09-30 22:27:44,5.828,-0.305,0.26166781,20.803,22.175,-20.727,-21.293,0.99634668,0.96022548,48.31598285,95.86650337,88.45682792,95.86650337,NO
2026-09-30 22:27:49,5.933,3.093,2.60660711,23.896,25.252,-17.634,-18.184,0.73794777,0.72010138,91.24311084,97.21371709,91.54929577,97.21371709,NO
2026-09-30 22:27:55,5.93,-0.075,0.06323777,23.638,25.3,-17.376,-18.232,0.73508757,0.72063241,24.37232088,97.21371709,91.54929577,97.21371709,NO
2026-09-30 22:28:01,5.893,0.026,0.02206007,23.656,24.923,-17.342,-18.609,0.73309097,0.74665971,14.20698102,97.21371709,91.15125536,97.21371709,NO
2026-09-30 22:28:07,5.794,-0.381,0.3287884,3.918,24.378,2.396,-18.064,0.6115365,0.74099598,52.54133497,44.7642376,90.9369259,90.9369259,NO
2026-09-30 22:28:28,21.115,-0.713,0.16883732,1.12,24.75,-1.068,-18.436,0.95357143,0.74488889,39.3196445,9.43916641,91.11247318,91.11247318,NO
2026-09-30 22:28:34,5.868,-0.383,0.32634628,1.477,5.014,-1.477,1.3,1,0.25927403,52.34446828,14.37327613,22.6785167,52.34446828,NO
2026-09-30 22:28:40,5.911,0.057,0.04821519,1.153,5.033,-1.039,1.319,0.90112749,0.26207034,21.26877107,9.74563285,22.89304321,22.89304321,NO
2026-09-30 22:28:46,5.902,-0.003,0.00254151,1.156,4.731,-1.042,1.621,0.90138408,0.34263369,4.59699663,9.83757279,20.62519154,20.62519154,NO
2026-09-30 22:28:52,5.8,0.034,0.02931034,1.19,1.672,-1.008,-1.438,0.84705882,0.86004785,15.93625498,10.29727245,2.42108489,15.93625498,NO
2026-09-30 22:28:57,5.725,-0.032,0.0279476,1.222,1.629,-1.04,-1.395,0.85106383,0.85635359,15.59914189,10.66503218,2.26785167,15.59914189,NO
2026-09-30 22:29:03,5.796,-0.009,0.00776398,0.518,1.612,-0.336,-1.43,0.64864865,0.88709677,8.06006742,2.05332516,2.17591174,8.06006742,NO
2026-09-30 22:29:21,18.146,0.707,0.19480877,0.782,1.938,0.7,-0.342,0.89514066,0.17647059,41.99877376,5.11955855,3.80134887,41.99877376,NO
2026-09-30 22:29:27,5.777,-1.281,1.10870694,2.029,3.219,-0.615,-1.623,0.30310498,0.50419385,77.74371551,21.70447578,10.88289393,77.74371551,NO
2026-09-30 22:29:33,5.8,-1.309,1.12844828,3.306,3.815,-1.892,-2.219,0.5722928,0.58165138,78.08093194,39.02513795,14.74555487,78.08093194,NO
2026-09-30 22:29:39,6.013,6.011,4.99833694,9.308,9.443,4.128,4.175,0.44348947,0.44212644,96.90374004,79.61373391,52.85101165,96.90374004,NO
2026-09-30 22:29:45,5.877,-0.005,0.00425387,9.313,9.391,4.123,4.113,0.44271449,0.43797253,6.10055181,79.64438994,52.51379522,79.64438994,NO
2026-09-30 22:29:51,5.878,-1.728,1.46988772,11.041,11.116,2.395,2.388,0.21691876,0.21482548,82.43408952,84.79460454,61.22011036,84.79460454,NO
2026-09-30 22:29:57,5.885,-0.125,0.10620221,10.459,11.207,1.563,2.229,0.14944067,0.19889355,31.29981606,83.26180258,61.4040466,83.26180258,NO
2026-09-30 22:30:03,5.981,3.022,2.52633339,12.2,14.197,5.866,5.283,0.48081967,0.37212087,90.77253219,87.55364807,73.63580625,90.77253219,NO
2026-09-30 22:30:08,5.845,0.581,0.49700599,11.472,14.769,7.756,5.873,0.67608089,0.39765726,61.55732679,85.74494175,75.26057633,85.74494175,NO
2026-09-30 22:30:27,19.007,1.325,0.3485558,4.928,14.106,4.928,7.772,1,0.55097122,53.86503067,55.98159509,73.40490798,73.40490798,NO
2026-09-30 22:30:33,5.875,-0.23,0.19574468,2.136,13.027,1.676,8.851,0.78464419,0.67943502,42.02453988,23.06748466,69.29447853,69.29447853,NO
2026-09-30 22:30:39,5.971,0.633,0.53006197,2.188,7.649,1.728,3.473,0.78976234,0.45404628,62.63803681,23.95705521,41.99386503,62.63803681,NO
2026-09-30 22:30:45,5.84,-0.008,0.00684932,2.196,7.652,1.72,3.47,0.78324226,0.45347622,7.3006135,24.01840491,41.99386503,41.99386503,NO
2026-09-30 22:30:51,5.885,1.063,0.90314359,3.259,6.987,2.783,6.261,0.85394293,0.89609274,73.55828221,38.52760736,37.66871166,73.55828221,NO
2026-09-30 22:30:57,5.883,0.15,0.12748598,3.409,7.012,2.933,6.536,0.86036961,0.93211637,34.41717791,39.96932515,37.85276074,39.96932515,NO
2026-09-30 22:31:03,5.783,0.741,0.64067093,2.825,4.731,2.349,4.255,0.83150442,0.89938702,66.25766871,32.73006135,20.67484663,66.25766871,NO
2026-09-30 22:31:19,16.409,1.675,0.51039064,3.629,5.825,3.629,5.349,1,0.91828326,61.90184049,42.08588957,28.19018405,61.90184049,NO
2026-09-30 22:31:25,5.851,-0.1,0.08545548,2.666,5.925,2.466,5.249,0.92498125,0.88590717,28.34355828,30.27607362,28.89570552,30.27607362,NO
2026-09-30 22:31:31,5.864,0.352,0.30013643,2.868,4.952,2.668,4.276,0.93026499,0.8634895,51.07361963,33.55828221,22.2392638,51.07361963,NO
2026-09-30 22:31:37,5.848,0.014,0.0119699,2.141,4.736,1.941,4.52,0.90658571,0.95439189,10.06443694,22.85977294,20.55845351,22.85977294,NO
2026-09-30 22:31:43,6.113,-0.008,0.00654343,2.149,4.111,1.933,3.879,0.89948813,0.94356604,7.20858896,22.97546012,16.10429448,22.97546012,NO
2026-09-30 22:31:49,5.786,0.944,0.81576218,3.093,5.047,2.877,4.831,0.93016489,0.9572023,71.25766871,36.19631902,22.88343558,71.25766871,NO
2026-09-30 22:31:54,5.687,0.003,0.00263759,1.421,3.987,1.205,3.771,0.84799437,0.94582393,5.12427125,13.19423136,15.31144523,15.31144523,NO
2026-09-30 22:32:00,5.846,0.103,0.08809442,1.424,3.94,1.408,3.724,0.98876404,0.94517766,28.62841362,13.19423136,15.09665542,28.62841362,NO
2026-09-30 22:32:06,5.701,0.012,0.01052447,1.084,3.211,1.068,2.995,0.98523985,0.93273124,9.26380368,8.89570552,10.52147239,10.52147239,NO
2026-09-30 22:32:20,13.964,0.345,0.12353194,0.463,1.881,0.463,1.665,1,0.88516746,33.6402701,1.62676489,3.25352977,33.6402701,NO
2026-09-30 22:32:26,5.836,1.246,1.06751199,1.706,3.027,1.706,3.011,1,0.99471424,76.64211172,16.97360344,9.20810313,76.64211172,NO
2026-09-30 22:32:31,5.811,0.858,0.73825503,2.461,3.533,2.461,3.517,1,0.99547127,68.96869245,27.16390424,12.70718232,68.96869245,NO
2026-09-30 22:32:37,5.851,-0.021,0.01794565,2.47,3.54,2.428,3.482,0.98299595,0.98361582,12.36955187,27.28667894,12.70718232,27.28667894,NO
2026-09-30 22:32:43,5.975,0,0,2.47,3.532,2.428,3.49,0.98299595,0.98810872,3.10006139,27.28667894,12.70718232,27.28667894,NO
2026-09-30 22:32:49,5.837,-1.314,1.12557821,3.784,3.902,1.114,1.232,0.29439746,0.31573552,77.90055249,43.21669736,14.73296501,77.90055249,NO
2026-09-30 22:32:55,5.669,0.009,0.00793791,3.448,3.908,0.778,1.238,0.22563805,0.31678608,8.13382443,40.11663597,14.79435236,40.11663597,NO
2026-09-30 22:33:00,5.8,0.06,0.05172414,2.262,3.865,-0.408,1.195,0.18037135,0.30918499,21.79251074,24.55494168,14.67157766,24.55494168,NO
2026-09-30 22:33:06,5.71,-0.003,0.00262697,1.407,3.856,-1.269,1.18,0.90191898,0.3060166,5.0951504,13.10620012,14.64088398,14.64088398,NO
2026-09-30 22:33:23,16.877,-0.566,0.16768383,0.638,4.077,-0.5,0.269,0.78369906,0.06597989,38.97420147,3.40909091,15.81695332,38.97420147,NO
2026-09-30 22:33:29,5.689,0.032,0.02812445,0.661,2.863,-0.477,-0.945,0.72163389,0.33007335,15.44840295,3.62407862,7.89312039,15.44840295,NO
2026-09-30 22:33:35,5.777,-0.323,0.27955686,0.924,2.328,-0.86,-2.126,0.93073593,0.91323024,49.63144963,6.63390663,5.03685504,49.63144963,NO
2026-09-30 22:33:40,5.861,-0.102,0.08701587,1.023,2.409,-0.959,-2.207,0.93743891,0.91614778,28.53194103,8.10810811,5.37469287,28.53194103,NO
2026-09-30 22:33:46,5.9,-0.028,0.02372881,1.051,2.437,-0.987,-2.235,0.93910561,0.9171112,14.43488943,8.44594595,5.43611794,14.43488943,NO
2026-09-30 22:33:52,5.786,-0.123,0.10629105,1.174,1.246,-1.11,-1.044,0.94548552,0.83788122,31.17321867,9.95085995,0.64496314,31.17321867,NO
2026-09-30 22:33:58,5.689,3.154,2.77201617,3.762,4.391,2.61,2.101,0.6937799,0.47847871,91.55405405,43.24324324,17.90540541,91.55405405,NO
2026-09-30 22:34:04,5.779,0.089,0.07700294,3.819,4.42,2.667,2.13,0.69835035,0.48190045,26.81203931,43.7960688,18.08968059,43.7960688,NO
2026-09-30 22:34:09,5.759,0.21,0.18232332,3.706,4.627,3.2,2.343,0.86346465,0.50637562,40.46668714,42.67731041,19.49646914,42.67731041,NO
2026-09-30 22:34:26,16.204,0.601,0.18544804,4.054,4.662,4.054,3.51,1,0.75289575,40.82949309,46.48233487,19.66205837,46.48233487,NO
2026-09-30 22:34:31,5.831,-0.77,0.66026411,1.67,5.4,0.13,2.708,0.07784431,0.50148148,66.6359447,16.62058372,25.22273425,66.6359447,NO
2026-09-30 22:34:37,5.863,0.076,0.06481324,1.657,5.153,0.117,3.107,0.07060954,0.60294974,24.546851,16.52841782,23.80952381,24.546851,NO
2026-09-30 22:34:43,5.839,3.323,2.84552149,4.77,8.374,3.23,6.532,0.67714885,0.78003344,91.92012289,53.91705069,46.05222734,91.92012289,NO
2026-09-30 22:34:49,5.879,-0.489,0.41588706,5.259,8.835,2.741,6.071,0.52120175,0.68715337,57.38863287,58.77112135,49.12442396,58.77112135,NO
2026-09-30 22:34:55,5.81,2.424,2.08605852,7.683,11.136,5.165,8.618,0.67226344,0.77388649,88.11059908,72.25806452,60.98310292,88.11059908,NO
2026-09-30 22:35:01,5.817,-0.389,0.33436479,7.471,8.371,4.175,5.075,0.55882747,0.60625971,52.62672811,71.55145929,46.08294931,71.55145929,NO
2026-09-30 22:35:20,19.032,0.187,0.04912778,3,8.259,2.222,4.963,0.74066667,0.60092021,21.30341223,35.07531509,45.68090993,45.68090993,NO
2026-09-30 22:35:25,5.845,0.057,0.04875962,0.633,8.316,-0.145,5.02,0.22906793,0.6036556,21.27921279,3.41328413,45.9102091,45.9102091,NO
2026-09-30 22:35:31,5.846,0.136,0.11631885,0.38,7.851,0.38,4.555,1,0.58018087,32.68757688,1.29151292,43.08118081,43.08118081,NO
2026-09-30 22:35:37,5.845,0.206,0.17621899,0.586,7.287,0.586,5.531,1,0.75902292,39.97539975,2.95202952,39.7601476,39.97539975,NO
2026-09-30 22:35:43,5.812,6.723,5.78372333,7.309,13.934,7.309,12.178,1,0.87397732,97.5399754,70.97170972,72.26322263,97.5399754,NO
2026-09-30 22:35:49,6.056,0.351,0.28979524,7.66,10.473,7.66,9.695,1,0.92571374,50.55350554,72.29397294,58.05658057,72.29397294,NO
2026-09-30 22:35:55,5.78,0.186,0.16089965,7.659,8.235,7.659,7.457,1,0.9055252,38.40713407,72.29397294,45.54120541,72.29397294,NO
2026-09-30 22:36:01,5.887,0.065,0.05520639,7.667,7.911,7.667,7.911,1,1,22.60147601,72.29397294,43.48093481,72.29397294,NO
2026-09-30 22:36:06,5.654,-1.841,1.62805094,9.372,9.752,5.69,6.07,0.60712761,0.62243642,84.35290501,79.55733169,54.68798033,84.35290501,NO
2026-09-30 22:36:25,18.943,-6.421,1.69482131,8.327,15.986,-8.197,-0.538,0.98438813,0.03365445,84.86619502,75.48446632,77.54537066,84.86619502,NO
2026-09-30 22:36:31,5.818,0,0,8.262,15.929,-8.262,-0.595,1,0.03735326,3.10673639,75.20762842,77.51461089,77.51461089,NO
2026-09-30 22:36:37,5.869,-0.271,0.23087408,6.692,16.064,-6.692,-1.002,1,0.0623755,45.80129191,67.45616733,77.72992925,77.72992925,NO
2026-09-30 22:36:43,5.816,0.405,0.34817744,7.097,16.263,-6.287,-0.803,0.88586727,0.04937588,53.61427253,69.9477084,78.16056598,78.16056598,NO
2026-09-30 22:36:49,5.825,-0.346,0.29699571,7.443,9.886,-6.633,-7.872,0.89117291,0.79627756,50.9074131,71.42417718,55.18302061,71.42417718,NO
2026-09-30 22:36:55,6.173,-1.836,1.48712133,9.279,11.371,-8.469,-10.059,0.91270611,0.88461877,82.46693325,78.99107967,61.85788988,82.46693325,NO
2026-09-30 22:37:00,5.681,-0.796,0.70058088,3.654,11.981,-2.844,-11.041,0.77832512,0.92154244,67.91756383,42.32543833,64.38019071,67.91756383,NO
2026-09-30 22:37:06,5.904,-3.367,2.85145664,7.021,13.442,-6.211,-12.632,0.88463182,0.93974111,91.94094125,69.08643494,70.56290372,91.94094125,NO
2026-09-30 22:37:24,17.507,-0.687,0.19620723,6.686,14.129,-6.686,-13.319,1,0.9426711,41.82825485,67.31301939,72.82240689,72.82240689,NO
2026-09-30 22:37:30,5.832,-13.382,11.47290809,18.232,21.09,-18.232,-20.28,1,0.96159317,99.16897507,94.5521699,86.30347799,99.16897507,NO
2026-09-30 22:37:36,6.28,45.687,36.375,63.123,66.777,28.251,25.407,0.44755477,0.38047531,99.9384426,99.75377039,99.29208987,99.9384426,NO
2026-09-30 22:37:42,5.894,0.311,0.26382762,60.067,66.817,31.929,25.989,0.53155643,0.3889579,48.16866728,99.72299169,99.29208987,99.72299169,NO
2026-09-30 22:37:48,6.164,-1.626,1.31894873,61.693,68.038,30.303,23.958,0.49119025,0.35212675,80.76331179,99.75377039,99.32286857,99.75377039,NO
2026-09-30 22:37:54,6.02,-0.341,0.28322259,61.347,68.033,30.649,23.963,0.49960063,0.35222613,49.95383195,99.75377039,99.32286857,99.75377039,NO
2026-09-30 22:38:00,5.916,0.151,0.12762001,48.116,66.348,44.182,25.95,0.91823926,0.39111955,34.37980917,99.44598338,99.29208987,99.44598338,NO
2026-09-30 22:38:06,5.784,0.083,0.07174965,48.199,65.635,44.265,26.829,0.91838005,0.40876057,25.73099415,99.44598338,99.29208987,99.44598338,NO
2026-09-30 22:38:21,15.165,-1.983,0.65380811,2.558,64.251,-2.09,28.213,0.81704457,0.43910601,66.37931034,28.47906404,99.26108374,99.26108374,NO
2026-09-30 22:38:27,5.75,0.006,0.00521739,2.223,63.57,-1.743,28.906,0.78407557,0.45471134,6.61945813,23.86083744,99.26108374,99.26108374,NO
2026-09-30 22:38:32,5.748,1.096,0.95337509,3.168,51.284,-0.798,43.384,0.25189394,0.84595585,74.53817734,36.76108374,98.70689655,98.70689655,NO
2026-09-30 22:38:38,5.802,0.003,0.00258532,3.088,5.6,-0.878,-2.3,0.28432642,0.41071429,4.9276255,36.03326147,26.54758238,36.03326147,NO
2026-09-30 22:38:44,5.785,0.133,0.11495246,3.221,5.422,-0.745,-2.478,0.23129463,0.45702693,32.39913767,37.57314444,25.03849707,37.57314444,NO
2026-09-30 22:38:50,5.893,0.227,0.19260139,3.448,4.023,-0.518,-0.625,0.15023202,0.1553567,41.51524484,40.03695719,15.49122267,41.51524484,NO
2026-09-30 22:38:56,6.112,-0.171,0.13988874,1.636,3.853,1.294,-0.455,0.79095355,0.1180898,35.84847552,16.19956883,14.6288882,35.84847552,NO
2026-09-30 22:39:02,5.856,0.103,0.08794399,1.733,3.805,1.391,-0.503,0.80265436,0.13219448,28.67262088,17.30828457,14.38250693,28.67262088,NO
2026-09-30 22:39:08,5.825,0.301,0.2583691,0.938,4.023,0.596,-0.285,0.63539446,0.07084265,47.81403941,6.71182266,15.4864532,47.81403941,NO
2026-09-30 22:39:23,14.893,-1.48,0.49687773,2.055,3.52,-1.247,0.218,0.60681265,0.06193182,61.23266564,21.51001541,12.57318952,61.23266564,NO
2026-09-30 22:39:28,5.905,47.824,40.49449619,49.708,51.338,46.748,48.036,0.94045224,0.93568117,99.96918336,99.53775039,98.70570108,99.96918336,NO
2026-09-30 22:39:34,5.868,-0.427,0.36383776,50.032,50.669,46.218,46.513,0.92376879,0.91797746,54.60708783,99.56856703,98.70570108,99.56856703,NO
2026-09-30 22:39:40,5.878,-1.471,1.25127594,51.202,52.137,44.446,45.039,0.86805203,0.86385868,79.72265023,99.63020031,98.798151,99.63020031,NO
2026-09-30 22:39:46,5.659,-0.138,0.12192967,51.34,52.142,44.308,44.768,0.86303078,0.8585785,33.49768875,99.63020031,98.798151,99.63020031,NO
2026-09-30 22:39:52,5.787,-3.265,2.82097805,54.605,55.18,41.043,41.276,0.75163447,0.74802465,91.8027735,99.63020031,98.82896764,99.63020031,NO
2026-09-30 22:39:58,6.005,-0.538,0.44796003,53.663,55.547,41.985,40.909,0.78238265,0.73647542,59.01386749,99.63020031,98.85978428,99.63020031,NO
2026-09-30 22:40:03,5.724,-0.414,0.36163522,6.253,55.858,-6.253,40.392,1,0.72311934,54.48382126,64.86902928,98.85978428,98.85978428,NO
2026-09-30 22:40:20,16.834,-0.207,0.06148271,4.424,55.764,-4.424,39.884,1,0.71522846,23.83595436,50.2004317,98.8590811,98.8590811,NO
2026-09-30 22:40:26,5.897,0.087,0.07376632,1.246,54.371,-1.072,41.451,0.86035313,0.76237332,26.30280604,10.57662658,98.79740981,98.79740981,NO
2026-09-30 22:40:32,5.701,-10.409,9.12910016,11.117,16.956,-10.943,-16.782,0.9843483,0.98973815,98.73573851,84.39716312,79.49429541,98.73573851,NO
2026-09-30 22:40:38,5.806,3.135,2.69979332,13.838,19.664,-7.394,-13.22,0.53432577,0.67229455,91.36601912,89.76256553,84.39716312,91.36601912,NO
2026-09-30 22:40:43,5.778,3.042,2.63239875,16.88,21.235,-4.352,-8.707,0.25781991,0.41003061,91.30434783,93.30866482,86.5248227,93.30866482,NO
2026-09-30 22:40:49,5.769,-0.913,0.79129832,17.793,22.01,-5.265,-9.482,0.29590288,0.43080418,70.55195806,94.26456984,87.94326241,94.26456984,NO
2026-09-30 22:40:55,5.869,-0.097,0.08263759,17.683,18.842,-5.155,-6.314,0.29152293,0.33510243,27.93709528,94.2337342,83.07123034,94.2337342,NO
