TIME,SIDE,PRICE,HALF_LIFE_VOTES,LONG_VOTES,SHORT_VOTES,LONG_CONFIRM_VOTES,SHORT_CONFIRM_VOTES,CANDIDATE_HALF_LIVES,CONFIRM_HALF_LIVES,PREMOVE_3M_BPS,PREMOVE_5M_BPS,PREMOVE_10M_BPS,SESSION_BUY_PCT,SESSION_SELL_PCT,OI_FLOW,OI_FLOW_CHANGE_5M,OI_FLOW_CHANGE_10M,BUY_CONTROL_EVENTS_5M,SELL_CONTROL_EVENTS_5M,BUY_CONTROL_EVENTS_10M,SELL_CONTROL_EVENTS_10M,BUY_DOM_WEIGHT_ADDED_5M,SELL_DOM_WEIGHT_ADDED_5M,BUY_DOM_WEIGHT_ADDED_10M,SELL_DOM_WEIGHT_ADDED_10M,BUY_OI_ADD_5M,SELL_OI_ADD_5M,BUY_OI_ADD_10M,SELL_OI_ADD_10M,CONTROL_SEQUENCE_5M,CONTROL_SEQUENCE_10M,PREVIOUS_EPISODE_SIDE,MINUTES_SINCE_PREVIOUS_EPISODE_START,MINUTES_SINCE_PREVIOUS_CONFIRM,MINUTES_SINCE_PREVIOUS_END,PREVIOUS_EPISODE_WAS_CONFIRMED,CONFIRM_TIME,CONFIRM_DELAY_MIN,CONFIRM_CONTROL,CONFIRM_CONTROL_STRENGTH,CONFIRM_EFF_RATIO,CONFIRM_ABSORPTION_RATIO,CONFIRM_AGGR_SIDE,CONFIRM_AGGR_SHARE,CONFIRM_AGGR_MAG,CONFIRM_AGGR_MAG_X,CONFIRM_OI_ADD,CONFIRM_OI_NET,CONFIRM_OI_ACTIVITY,CONFIRM_RAW_INTENSITY_PCTL,CONFIRM_PRICE_CHANGE,CONFIRM_PRICE_CHANGE_BPS,CONFIRM_REWARD_BPS,CONFIRM_DISTANCE_FROM_ANCHOR_BPS,HL10_DOM_PCT,HL10_MASS,HL10_ANCHOR,HL10_REWARD_BPS,HL10_DOM_SLOPE_3M,HL10_DOM_SLOPE_5M,HL10_DOM_SLOPE_10M,HL10_MASS_SLOPE_3M,HL10_MASS_SLOPE_5M,HL10_MASS_SLOPE_10M,HL10_REWARD_CHANGE_3M,HL10_REWARD_CHANGE_5M,HL10_REWARD_CHANGE_10M,HL10_ANCHOR_CHANGE_BPS_3M,HL10_ANCHOR_CHANGE_BPS_5M,HL10_ANCHOR_CHANGE_BPS_10M,HL15_DOM_PCT,HL15_MASS,HL15_ANCHOR,HL15_REWARD_BPS,HL15_DOM_SLOPE_3M,HL15_DOM_SLOPE_5M,HL15_DOM_SLOPE_10M,HL15_MASS_SLOPE_3M,HL15_MASS_SLOPE_5M,HL15_MASS_SLOPE_10M,HL15_REWARD_CHANGE_3M,HL15_REWARD_CHANGE_5M,HL15_REWARD_CHANGE_10M,HL15_ANCHOR_CHANGE_BPS_3M,HL15_ANCHOR_CHANGE_BPS_5M,HL15_ANCHOR_CHANGE_BPS_10M,HL20_DOM_PCT,HL20_MASS,HL20_ANCHOR,HL20_REWARD_BPS,HL20_DOM_SLOPE_3M,HL20_DOM_SLOPE_5M,HL20_DOM_SLOPE_10M,HL20_MASS_SLOPE_3M,HL20_MASS_SLOPE_5M,HL20_MASS_SLOPE_10M,HL20_REWARD_CHANGE_3M,HL20_REWARD_CHANGE_5M,HL20_REWARD_CHANGE_10M,HL20_ANCHOR_CHANGE_BPS_3M,HL20_ANCHOR_CHANGE_BPS_5M,HL20_ANCHOR_CHANGE_BPS_10M,HL30_DOM_PCT,HL30_MASS,HL30_ANCHOR,HL30_REWARD_BPS,HL30_DOM_SLOPE_3M,HL30_DOM_SLOPE_5M,HL30_DOM_SLOPE_10M,HL30_MASS_SLOPE_3M,HL30_MASS_SLOPE_5M,HL30_MASS_SLOPE_10M,HL30_REWARD_CHANGE_3M,HL30_REWARD_CHANGE_5M,HL30_REWARD_CHANGE_10M,HL30_ANCHOR_CHANGE_BPS_3M,HL30_ANCHOR_CHANGE_BPS_5M,HL30_ANCHOR_CHANGE_BPS_10M,MFE_5M,MAE_5M,MFE_10M,MAE_10M,MFE_20M,MAE_20M,MFE_30M,MAE_30M
2026-09-30 18:37:00,SHORT,83627.7,"20,30",0,2,0,0,"20,30",,-7.21573245,-5.62330777,10.85780221,73.65490904,26.34509096,623.406,-4.448,-15.142,2,2,2,5,16.593,15.867,16.593,46.79,16.593,15.867,16.593,46.79,CONTROL LIMIT BUY > CONTROL MARKET BUY > CONTROL LIMIT SELL > CONTROL LIMIT SELL,CONTROL MARKET SELL > CONTROL LIMIT SELL > CONTROL MARKET SELL > CONTROL LIMIT BUY > CONTROL MARKET BUY > CONTROL LIMIT SELL > CONTROL LIMIT SELL,,,,,NO,2026-09-30 18:51:00,14,CONTROL LIMIT SELL,0.81559663,0.18440337,0.81559663,BUY,59.13881361,60.7,14.45238095,11.547,-35.856,62.963,99.78513107,12.4,1.48445216,-10.24260908,10.24260908,70.56178663,45.63607188,83623.05528644,0.55543457,27.6226225,38.19573535,-4.88924448,16.64991932,17.54489346,28.59450612,5.99783072,10.73458846,-5.74764122,1.21390722,-5.11672054,-5.11672054,69.01938122,54.67778483,83627.68975505,0.00122507,21.00375466,28.35467938,-9.48815031,17.2465474,18.70854975,31.20412514,7.2088019,10.07460764,-6.40779656,0.00172975,-4.45696389,-4.45696389,68.87828475,61.40536678,83630.55951278,-0.341922,17.48873194,23.34644609,-11.28925945,17.78445516,19.68149153,33.22421457,7.58387935,9.57497949,-6.90768289,-0.37387873,-3.9573836,-3.9573836,69.43622091,70.97716536,83633.47880404,-0.69096779,13.81226805,18.2320403,-12.5680462,18.58334242,21.07553285,36.00235336,7.77093235,8.91710464,-7.56606727,-0.56134457,-3.29942776,-3.29942776,47.5,0,101.5,0,101.5,0,147.1,0
2026-09-30 18:51:00,SHORT,83544.9,30,0,1,0,2,30,"20,30",-1.59221181,-0.31121959,7.05708705,68.09708197,31.90291803,587.55,-35.856,-35.856,3,0,5,3,10.258,0,17.127,4.469,10.258,0,17.127,4.469,CONTROL LIMIT BUY > CONTROL LIMIT BUY > CONTROL MARKET BUY,CONTROL MARKET SELL > CONTROL MARKET SELL > CONTROL LIMIT BUY > CONTROL LIMIT BUY > CONTROL MARKET SELL > CONTROL LIMIT BUY > CONTROL LIMIT BUY > CONTROL MARKET BUY,SHORT,14,0,-28,YES,,,,,,,,,,,,,,,,,,,45.68286101,26.71053183,83623.05528644,-9.34614099,-24.87892562,-24.87892562,-24.87892562,5.4205515,2.25476644,-7.87514326,1.59047047,0.31091904,-7.0554705,0,0,0,51.93630571,38.04955564,83627.68975505,-9.89980176,-17.08307551,-17.08307551,-17.08307551,5.1601836,1.97567082,-7.40069119,1.59038233,0.31090181,-7.0550795,0,0,-0,55.14016451,47.21713142,83630.55951278,-10.24260908,-13.73812024,-13.73812024,-13.73812024,5.27602992,2.26577184,-6.23934522,1.59032776,0.31089114,-7.05483741,-0,0,-0,58.67713233,60.77922828,83633.47880404,-10.59130928,-10.75908858,-10.75908858,-10.75908858,5.73129915,3.12785563,-3.93224955,1.59027224,0.31088029,-7.05459116,0,-0,-0,0.1,35.3,30.1,35.3,113.8,35.3,134.6,35.3
2026-09-30 18:52:00,SHORT,83562.9,"15,20,30",0,3,0,0,"15,20,30",,-2.94475708,-4.39383092,2.06986822,72.36592942,27.63407058,606.83,-16.576,-16.576,2,1,5,3,7.608,11.547,17.127,15.304,7.608,11.547,17.127,15.304,CONTROL LIMIT BUY > CONTROL MARKET BUY > CONTROL LIMIT SELL,CONTROL MARKET SELL > CONTROL LIMIT BUY > CONTROL LIMIT BUY > CONTROL MARKET SELL > CONTROL LIMIT BUY > CONTROL LIMIT BUY > CONTROL MARKET BUY > CONTROL LIMIT SELL,SHORT,15,1,-27,YES,2026-09-30 19:16:00,24,CONTROL LIMIT SELL,1,-0.15307885,1,BUY,63.3744856,32.5,3.06603774,33.229,30.336,33.643,98.66562009,-14,-1.67798306,-8.79686083,8.79686083,69.37497907,44.20180742,83585.23385728,-2.67198598,-1.18680757,-1.18680757,-1.18680757,24.33755338,21.38377148,11.93223153,7.46341103,8.91038041,2.45283113,-4.52284708,-4.52284708,-4.52284708,68.5996106,55.61129873,83594.94598516,-3.83348357,-0.41977063,-0.41977063,-0.41977063,24.20715799,21.1664527,12.21351215,6.85553048,8.30241967,1.84522826,-3.91542203,-3.91542203,-3.91542203,68.46909637,64.88874258,83601.19843856,-4.58108727,-0.40918838,-0.40918838,-0.40918838,24.37630897,21.46859133,13.25318978,6.45070701,7.89754655,1.44057671,-3.51080686,-3.51080686,-3.51080686,68.80417529,78.67102879,83608.33958967,-5.43481546,-0.63204562,-0.63204562,-0.63204562,24.8803961,22.33641531,15.43756315,5.94565148,7.39244051,0.93569606,-3.00587931,-3.00587931,-3.00587931,18.1,17.3,62.8,17.3,131.8,17.3,152.6,17.3
2026-09-30 19:09:00,SHORT,83440.5,30,0,1,0,0,30,,4.80351123,6.34779953,16.32029903,74.67689155,25.32310845,629.67,22.84,22.84,4,1,6,3,22.494,8.108,33.434,26.449,22.494,8.108,33.434,26.449,CONTROL MARKET SELL > CONTROL LIMIT BUY > CONTROL LIMIT BUY > CONTROL MARKET BUY > CONTROL LIMIT BUY,CONTROL LIMIT BUY > CONTROL MARKET SELL > CONTROL MARKET SELL > CONTROL MARKET BUY > CONTROL MARKET SELL > CONTROL LIMIT BUY > CONTROL LIMIT BUY > CONTROL MARKET BUY > CONTROL LIMIT BUY,SHORT,17,-7,-8,YES,,,,,,,,,,,,,,,,,,,84.42684224,26.75400147,83500.97734884,-7.24271149,15.05186317,15.05186317,15.05186317,10.00464852,7.51404729,-0.45540267,5.27551122,3.73217642,-6.24566251,-10.08031019,-10.08031019,-10.08031019,79.32401388,38.50033524,83528.44776149,-10.52907888,10.72440328,10.72440328,10.72440328,9.37964208,6.56003155,-1.74192572,3.14949748,1.60634199,-8.3703377,-7.95481388,-7.95481388,-7.95481388,76.90493041,49.14858333,83545.29364045,-12.54333259,8.43583404,8.43583404,8.43583404,9.20487687,6.33797875,-1.76209224,1.88211116,0.33907108,-9.63686247,-6.68708094,-6.68708094,-6.68708094,74.99442644,66.26600915,83563.9299531,-14.77072143,6.19025115,6.19025115,6.19025115,9.33692922,6.64451833,-0.65685156,0.50760969,-1.0352986,-11.01038008,-5.31162762,-5.31162762,-5.31162762,9.4,62.7,30.2,62.7,30.2,62.7,30.2,62.7
2026-09-30 19:10:00,SHORT,83431.1,"15,20,30",0,3,0,0,"15,20,30",,9.24459006,7.44969956,12.61723917,77.11323278,22.88676722,649.792,42.962,42.962,5,0,6,3,46.805,0,56.477,26.449,46.805,0,56.477,26.449,CONTROL LIMIT BUY > CONTROL LIMIT BUY > CONTROL MARKET BUY > CONTROL LIMIT BUY > CONTROL LIMIT BUY,CONTROL MARKET SELL > CONTROL MARKET SELL > CONTROL MARKET BUY > CONTROL MARKET SELL > CONTROL LIMIT BUY > CONTROL LIMIT BUY > CONTROL MARKET BUY > CONTROL LIMIT BUY > CONTROL LIMIT BUY,SHORT,18,-6,-7,YES,,,,,,,,,,,,,,,,,,,90.67775189,41.70054903,83470.04576106,-4.66583679,21.30277283,21.30277283,21.30277283,26.07285014,23.74903703,16.31327729,4.53840345,6.33297879,1.1646018,-13.78091451,-13.78091451,-13.78091451,85.79278126,53.49990485,83492.94758401,-7.40752193,17.19317066,17.19317066,17.19317066,25.69425548,23.00197405,15.07491985,2.95745698,4.75182383,-0.4159527,-12.20150333,-12.20150333,-12.20150333,82.92508207,64.21258515,83509.39779676,-9.3759264,14.4559857,14.4559857,14.4559857,25.62950797,22.86026693,15.03611409,1.73616772,3.53040037,-1.63698967,-10.9807806,-10.9807806,-10.9807806,80.13057078,81.49067441,83529.88143751,-11.82588025,11.32639549,11.32639549,11.32639549,25.86185647,23.23094032,16.09633395,0.13938424,1.93346364,-3.23348504,-9.38401032,-9.38401032,-9.38401032,0,72.1,20.8,72.1,20.8,72.1,20.8,72.1
2026-09-30 19:11:00,SHORT,83495.7,"20,30",0,2,0,0,"20,30",,1.5327781,-1.80880348,2.28701979,72.93553242,27.06446758,655.77,48.94,48.94,5,0,7,2,64.546,0,77.118,20.178,64.546,0,77.118,20.178,CONTROL LIMIT BUY > CONTROL MARKET BUY > CONTROL LIMIT BUY > CONTROL LIMIT BUY > CONTROL LIMIT BUY,CONTROL MARKET SELL > CONTROL MARKET BUY > CONTROL MARKET SELL > CONTROL LIMIT BUY > CONTROL LIMIT BUY > CONTROL MARKET BUY > CONTROL LIMIT BUY > CONTROL LIMIT BUY > CONTROL LIMIT BUY,SHORT,19,-5,-6,YES,,,,,,,,,,,,,,,,,,,72.18866112,48.87317244,83470.04576106,3.0734665,2.81368205,2.81368205,2.81368205,34.2920138,32.1238195,25.18601035,12.25377907,15.59168921,11.50005742,-13.78091451,-13.78091451,-13.78091451,71.7886335,61.04911939,83492.94758401,0.3296585,3.18902291,3.18902291,3.18902291,34.49912855,31.92842623,24.35934509,10.67071251,14.00823486,9.91707844,-12.20150333,-12.20150333,-12.20150333,71.44628592,71.99045321,83509.39779676,-1.64027009,2.97718955,2.97718955,2.97718955,34.72165728,32.04674675,24.48911329,9.44790093,12.78517366,8.69432321,-10.9807806,-10.9807806,-10.9807806,71.21802657,89.59460927,83529.88143751,-4.09212092,2.41385127,2.41385127,2.41385127,35.23635528,32.66552934,25.69387761,7.84922251,11.1862102,7.09570916,-9.38401032,-9.38401032,-9.38401032,76.2,7.5,85.4,7.5,85.4,7.5,85.4,7.5
2026-09-30 19:41:00,LONG,83466.6,"15,20,30",3,0,0,0,"15,20,30",,0.28754843,-1.49738078,1.13830938,45.94386739,54.05613261,707.322,-44.146,-44.146,4,1,6,4,8.345,2.379,26.743,19.135,8.345,2.379,26.743,19.135,CONTROL MARKET BUY > CONTROL MARKET SELL > CONTROL LIMIT BUY > CONTROL LIMIT BUY > CONTROL LIMIT BUY,CONTROL MARKET BUY > CONTROL MARKET SELL > CONTROL MARKET BUY > CONTROL MARKET SELL > CONTROL LIMIT SELL > CONTROL MARKET BUY > CONTROL MARKET SELL > CONTROL LIMIT BUY > CONTROL LIMIT BUY > CONTROL LIMIT BUY,SHORT,49,25,24,YES,2026-09-30 19:51:00,10,CONTROL MARKET BUY,1,1.07856969,0,BUY,60.33254157,8.7,0.87437186,0.457,-13.402,14.246,97.80104712,18.8,2.25254909,-5.82754258,5.82754258,73.86052156,46.82164936,83427.17946517,-4.72514294,-12.62907532,-12.62907532,-12.62907532,-2.40544522,-9.7254332,-33.14800171,-0.28767603,1.49831267,-1.13871763,-0,0,0,73.74730572,73.42270502,83431.18012453,-4.24540027,-7.66889301,-7.66889301,-7.66889301,-2.97348787,-10.3705477,-32.15017792,-0.28766224,1.49824082,-1.13866303,0,-0,-0,72.0110415,95.78812017,83435.32796931,-3.7480563,-5.63962515,-5.63962515,-5.63962515,-2.7762732,-9.85058099,-29.83817487,-0.28764794,1.49816634,-1.13860642,-0,0,-0,68.6615645,130.46786443,83442.244924,-2.91879443,-3.8920747,-3.8920747,-3.8920747,-1.86296883,-8.12143951,-25.09336954,-0.28762409,1.49804215,-1.13851203,-0,-0,-0,68.3,0,68.3,5.6,68.3,12.8,97.7,12.8
2026-09-30 20:03:00,LONG,83470.2,"20,30",2,0,0,0,"20,30",,-1.35359331,-2.98221093,1.3419763,43.59529337,56.40470663,696.677,2.757,2.757,1,3,3,6,11.777,11.034,19.238,24.203,11.777,11.034,19.238,24.203,CONTROL LIMIT BUY > CONTROL MARKET SELL > CONTROL LIMIT SELL > CONTROL LIMIT SELL,CONTROL MARKET SELL > CONTROL LIMIT SELL > CONTROL MARKET BUY > CONTROL LIMIT SELL > CONTROL LIMIT BUY > CONTROL LIMIT BUY > CONTROL MARKET SELL > CONTROL LIMIT SELL > CONTROL LIMIT SELL,LONG,22,12,-83,YES,,,,,,,,,,,,,,,,,,,89.72923068,27.87107411,83457.25263943,-1.55137632,17.28292507,17.28292507,17.28292507,15.08062356,13.1787046,7.09292589,4.95975532,6.58991951,2.26279252,3.60472144,3.60472144,3.60472144,83.66813088,44.31008315,83449.57997793,-2.47095576,10.64234572,10.64234572,10.64234572,13.49270817,10.50881646,1.72315574,3.56034757,5.19043358,0.86351409,2.20539292,2.20539292,2.20539292,79.49606247,62.47024572,83447.60376133,-2.70783553,7.96763311,7.96763311,7.96763311,12.55266167,8.96990382,-1.15274152,2.82603505,4.45604003,0.12933563,1.47129427,1.47129427,1.47129427,74.10334434,96.30639489,83449.09284685,-2.52934483,5.7434673,5.7434673,5.7434673,11.82450025,7.82900314,-3.00611948,2.17511585,3.80498571,-0.52136002,0.82067817,0.82067817,0.82067817,94.1,0,99.9,0,176.8,0,176.8,0
2026-09-30 20:05:00,LONG,83546.4,"10,15,20,30",4,0,0,0,"10,15,20,30",,6.14407313,7.77417751,6.61147522,37.45445682,62.54554318,771.377,77.457,77.457,1,3,4,5,9.807,28.062,29.045,31.349,9.807,28.062,29.045,31.349,CONTROL LIMIT SELL > CONTROL LIMIT SELL > CONTROL LIMIT SELL > CONTROL MARKET BUY,CONTROL MARKET BUY > CONTROL LIMIT SELL > CONTROL LIMIT BUY > CONTROL LIMIT BUY > CONTROL MARKET SELL > CONTROL LIMIT SELL > CONTROL LIMIT SELL > CONTROL LIMIT SELL > CONTROL MARKET BUY,LONG,24,14,-81,YES,2026-09-30 20:06:00,1,CONTROL LIMIT BUY,1,-0.05893603,1,SELL,66.95652174,15.6,1.74301676,6.656,1.725,11.587,99.26568758,1.3,0.15560216,-3.20853017,3.20853017,96.82988554,78.60962761,83520.90206656,-3.05288051,24.38357993,24.38357993,24.38357993,67.47489368,65.81917706,60.52119897,5.08841532,3.45825113,4.62094176,11.23406089,11.23406089,11.23406089,93.03621967,94.74494762,83509.27364088,-4.4457768,20.01043451,20.01043451,20.01043451,66.64805381,63.92757264,55.91748818,3.21561255,1.58552653,2.74816141,9.36023154,9.36023154,9.36023154,89.38937724,112.63324858,83500.93222299,-5.44518196,17.86094788,17.86094788,17.86094788,66.05849581,62.71566453,53.27090247,1.7186936,0.08868862,1.2512657,7.86288677,7.86288677,7.86288677,83.72299366,146.30380091,83492.2661797,-6.48369277,15.36311662,15.36311662,15.36311662,65.63697312,61.82190626,51.4760804,-0.14936224,-1.7792321,-0.61675139,5.99471596,5.99471596,5.99471596,17.9,5.2,23.7,10.3,100.6,10.3,100.6,73
2026-09-30 20:06:00,LONG,83547.7,"10,15,20,30",4,0,1,0,"10,15,20,30",10,9.28475073,9.58454588,6.64732753,38.51517022,61.48482978,773.102,79.182,79.182,1,3,3,6,9.807,103.201,24.282,109.625,9.807,103.201,24.282,109.625,CONTROL LIMIT SELL > CONTROL LIMIT SELL > CONTROL MARKET BUY > CONTROL LIMIT SELL,CONTROL LIMIT SELL > CONTROL LIMIT BUY > CONTROL LIMIT BUY > CONTROL MARKET SELL > CONTROL LIMIT SELL > CONTROL LIMIT SELL > CONTROL LIMIT SELL > CONTROL MARKET BUY > CONTROL LIMIT SELL,LONG,1,0,-75,YES,,,,,,,,,,,,,,,,,,,88.77377763,80.00137601,83520.90206656,-3.20853017,-0.95545305,16.32747202,16.32747202,52.1303019,68.06746367,63.12427533,-1.65715385,1.64846428,4.58515712,7.62659027,11.23406089,11.23406089,86.66025526,97.12241775,83509.27364088,-4.60144813,2.99212439,13.63447011,13.63447011,52.8123346,67.69670599,60.0483441,-2.13049237,-0.22420267,2.71234935,7.15326104,9.36023154,9.36023154,84.23595523,115.45254665,83500.93222299,-5.60086885,4.73989276,12.70752587,12.70752587,52.98230094,67.23533877,58.11229997,-2.89303331,-1.72097391,1.21543212,6.39065225,7.86288677,7.86288677,79.99844557,149.61821747,83492.2661797,-6.63939582,5.89510123,11.63856853,11.63856853,53.31182258,67.06589197,56.9563651,-4.11005099,-3.58877368,-0.65261106,5.1736132,5.99471596,5.99471596,16.6,11.6,22.4,11.6,99.3,11.6,99.3,86.5
2026-09-30 20:23:00,LONG,83640,"20,30",2,0,0,0,"20,30",,-0.8368501,5.37112821,8.36423553,38.99037648,61.00962352,758.627,-14.475,-14.475,1,3,4,5,7.773,2.659,26.372,8.087,7.773,2.659,26.372,8.087,CONTROL LIMIT SELL > CONTROL LIMIT SELL > CONTROL MARKET BUY > CONTROL MARKET SELL,CONTROL MARKET BUY > CONTROL MARKET SELL > CONTROL LIMIT BUY > CONTROL MARKET SELL > CONTROL MARKET BUY > CONTROL LIMIT SELL > CONTROL LIMIT SELL > CONTROL MARKET BUY > CONTROL MARKET SELL,LONG,18,17,-58,YES,,,,,,,,,,,,,,,,,,,78.96964535,27.68031178,83520.90206656,-14.25965603,-9.80413228,-9.80413228,-9.80413228,-2.63454096,-7.14230969,-21.56631178,0.83811355,-5.37589979,-8.36916248,0,0,0,81.06311042,47.3313462,83509.27364088,-15.65411282,-5.59714484,-5.59714484,-5.59714484,-3.52652245,-8.45083455,-22.94979753,0.83823026,-5.37664837,-8.37032786,0,0,0,80.39873577,67.10831062,83500.93222299,-16.65463766,-3.83721946,-3.83721946,-3.83721946,-3.96106829,-9.06196369,-23.47392155,0.83831399,-5.37718548,-8.37116403,0,0,0,77.64865812,104.07547596,83492.2661797,-17.69431195,-2.34978746,-2.34978746,-2.34978746,-4.1934458,-9.31392948,-23.19982833,0.83840101,-5.3777436,-8.37203291,0,-0,0,0,39.9,0,166.6,0,178.8,0,180.1
2026-09-30 20:27:00,LONG,83607.4,"15,20,30",3,0,0,0,"15,20,30",,-3.14466537,0,2.72777521,37.23379738,62.76620262,776.813,3.711,3.711,1,3,3,5,3.057,5.409,12.232,7.749,3.057,5.409,12.232,7.749,CONTROL MARKET SELL > CONTROL MARKET BUY > CONTROL LIMIT SELL > CONTROL MARKET SELL,CONTROL MARKET BUY > CONTROL LIMIT SELL > CONTROL LIMIT SELL > CONTROL MARKET BUY > CONTROL MARKET SELL > CONTROL MARKET BUY > CONTROL LIMIT SELL > CONTROL MARKET SELL,LONG,22,21,-54,YES,,,,,,,,,,,,,,,,,,,88.86996468,39.63775357,83566.72188144,-4.86774133,9.90031933,0.09618705,0.09618705,13.81110946,13.24714144,2.31579198,8.6376125,5.48870015,2.75884458,5.48602969,5.48602969,5.48602969,87.15518586,58.00360864,83545.49369355,-7.40989175,6.09207544,0.4949306,0.4949306,12.80967012,11.63534607,-0.41674142,7.48981384,4.34046301,1.61022731,4.33724916,4.33724916,4.33724916,85.14385776,77.08117761,83531.20332009,-9.12194209,4.74512198,0.90790253,0.90790253,12.25882241,10.7711024,-1.77523562,6.77821297,3.62854754,0.8980391,3.62524062,3.62524062,3.62524062,81.32178504,113.54795194,83515.5325345,-11.00004547,3.67312693,1.32333947,1.32333947,11.84956314,10.16828103,-2.49180522,5.93970558,2.78971322,0.05892137,2.7866479,2.7866479,2.7866479,0,134,0,146.2,0,146.2,0,147.5
2026-09-30 21:12:00,LONG,83592.1,30,1,0,0,0,30,,1.34001907,8.78845097,13.18847177,34.44345319,65.55654681,675.924,-9.428,-9.428,2,1,3,3,5.62,5.619,6.803,12.645,5.62,5.619,6.803,12.645,CONTROL MARKET BUY > CONTROL LIMIT BUY > CONTROL LIMIT SELL,CONTROL LIMIT SELL > CONTROL LIMIT SELL > CONTROL LIMIT BUY > CONTROL MARKET BUY > CONTROL LIMIT BUY > CONTROL LIMIT SELL,LONG,67,66,-9,YES,,,,,,,,,,,,,,,,,,,98.96428434,18.82478614,83582.2510911,-1.17834932,5.3803745,5.3803745,5.3803745,15.08360156,14.52729357,12.74721386,5.20518836,-2.24145383,-6.63521216,6.54529157,6.54529157,6.54529157,96.4344434,26.11953953,83566.69989028,-3.03950135,5.44691161,5.44691161,5.44691161,14.24941967,13.10009556,9.71606801,3.76643655,-3.68051998,-8.07446379,5.10581572,5.10581572,5.10581572,93.45203423,36.7646554,83552.07450181,-4.79048527,4.92720747,4.92720747,4.92720747,13.4873798,11.81668914,7.09635641,2.73459319,-4.71289852,-9.1071581,4.07366915,4.07366915,4.07366915,88.15925713,63.32726482,83532.47282804,-7.13820266,3.9316995,3.9316995,3.9316995,12.37379881,9.96399933,3.42902454,1.47570545,-5.97259656,-10.36733423,2.81486949,2.81486949,2.81486949,0,64.1,0,182.5,0,206.3,0,206.3
2026-09-30 21:26:00,SHORT,83399.4,"10,15,20,30",0,4,0,0,"10,15,20,30",,8.81722234,1.22288082,15.39603486,43.02466445,56.97533555,718.967,40.065,43.043,3,2,4,3,46.622,0.742,50.835,7.793,46.622,0.742,50.835,7.793,CONTROL LIMIT BUY > CONTROL MARKET BUY > CONTROL MARKET BUY > CONTROL LIMIT SELL > CONTROL MARKET SELL,CONTROL MARKET SELL > CONTROL MARKET BUY > CONTROL LIMIT BUY > CONTROL MARKET BUY > CONTROL MARKET BUY > CONTROL LIMIT SELL > CONTROL MARKET SELL,LONG,81,80,5,YES,2026-09-30 21:27:00,1,CONTROL LIMIT SELL,1,-0.3320701,1,BUY,59.31372549,19,4.04255319,12.795,3.557,21.536,99.3753718,-13.7,-1.6426957,-3.07729831,3.07729831,89.61555952,67.98035751,83411.46819698,-1.44682707,16.07493651,27.88552692,88.57984386,35.13334089,41.89339878,53.7138374,-5.77692986,-1.30940429,5.52413443,-3.04455092,0.0865528,-20.91246245,82.75870744,76.5008999,83412.92212543,-1.62110679,20.22892126,32.76562406,79.19315084,36.06601669,43.26942477,54.78934882,-5.78052922,-0.96560337,1.90271513,-3.04085352,-0.25723899,-17.29612859,75.5557695,86.52107201,83415.03763443,-1.8746781,22.32499622,34.16606095,69.00780374,36.34547229,43.60876335,54.51558054,-5.60568315,-0.28947153,-0.09331393,-3.21543169,-0.93339041,-15.30284713,63.55060474,110.83773971,83421.9640563,-2.70481,21.64834308,30.79454632,51.70986186,36.30934598,43.40101149,53.10084824,-4.98790433,1.51229196,-1.60033543,-3.83236764,-2.73539695,-13.797731,13.6,118.7,13.6,135.8,20.6,135.8,24.9,135.8
2026-09-30 21:27:00,SHORT,83385.8,"10,15,20",0,3,0,4,"10,15,20","10,15,20,30",9.40521876,7.45374365,17.26325871,41.98200546,58.01799454,722.524,43.622,68.6,3,2,5,3,59.999,0.742,94.43,7.793,59.999,0.742,94.43,7.793,CONTROL MARKET BUY > CONTROL MARKET BUY > CONTROL LIMIT SELL > CONTROL MARKET SELL > CONTROL LIMIT BUY,CONTROL MARKET SELL > CONTROL MARKET BUY > CONTROL LIMIT BUY > CONTROL MARKET BUY > CONTROL MARKET BUY > CONTROL LIMIT SELL > CONTROL MARKET SELL > CONTROL LIMIT BUY,SHORT,1,0,-34,YES,,,,,,,,,,,,,,,,,,,74.57243156,76.22291633,83411.46819698,-3.07729831,1.03180855,12.84239896,73.5367159,45.57556616,51.88292319,62.9117824,-6.36469661,-7.54359888,3.65438943,-3.04455092,0.0865528,-20.91246245,70.42317224,85.84124196,83412.92212543,-3.25154961,7.89338606,20.43008886,66.85761564,47.23233323,54.11044695,65.1101497,-6.36828534,-7.19953102,0.03291602,-3.04085352,-0.25723899,-17.29612859,65.52414513,96.36884667,83415.03763443,-3.50507957,12.29337185,24.13443658,58.97617937,47.90241208,54.91828878,65.45357974,-6.19344257,-6.52292982,-1.96311341,-3.21543169,-0.93339041,-15.30284713,56.83613805,121.10120224,83421.9640563,-4.3350761,14.9338764,24.08007964,44.99539518,48.27503937,55.20473102,64.68302319,-5.57567929,-4.71981929,-3.47001575,-3.83236764,-2.73539695,-13.797731,0,149.4,0,149.4,7,149.4,11.3,149.4
2026-09-30 21:40:00,SHORT,83415.9,"10,15,20,30",0,4,0,0,"10,15,20,30",,1.06682905,9.00694805,12.23686842,44.03627929,55.96372071,736.098,19.066,27.422,0,4,2,6,0,29.341,18.322,43.837,0,29.341,18.322,43.837,CONTROL LIMIT SELL > CONTROL MARKET SELL > CONTROL MARKET SELL > CONTROL MARKET SELL,CONTROL LIMIT SELL > CONTROL LIMIT BUY > CONTROL LIMIT BUY > CONTROL MARKET SELL > CONTROL LIMIT SELL > CONTROL MARKET SELL > CONTROL MARKET SELL > CONTROL MARKET SELL,SHORT,14,13,-21,YES,,,,,,,,,,,,,,,,,,,75.81015864,64.79100735,83420.69019576,-0.57422155,12.69437022,12.69437022,7.04758467,12.47720989,4.69823426,-2.35230178,-0.58943999,-8.53672915,-13.35805155,-0.4774181,-0.4774181,1.10560322,72.27074442,83.08939655,83421.17733963,-0.6326139,10.17158474,10.17158474,6.45471435,13.25956803,6.4982963,3.12919232,-0.69319005,-8.64051526,-13.24191614,-0.3736691,-0.3736691,0.98968049,68.54588878,98.68040701,83422.20476182,-0.75576543,9.18280055,9.18280055,6.74402612,13.92992956,7.84709434,6.59687668,-0.69518528,-8.6424142,-13.11113545,-0.3716654,-0.3716654,0.85921287,61.5077898,128.32643543,83426.29883963,-1.24647021,8.09543107,8.09543107,7.18651527,14.68904384,9.31466308,10.10395574,-0.57603971,-8.52278397,-12.77052683,-0.49077899,-0.49077899,0.51962135,31.9,0,41.4,0,41.4,70.4,41.4,70.4
2026-09-30 22:01:00,LONG,83474.1,10,1,0,0,0,10,,-0.10781671,-0.17969323,7.76891785,42.61307475,57.38692525,784.73,19.9,48.632,1,2,2,4,14.712,9.405,19.605,43.236,14.712,9.405,19.605,43.236,CONTROL LIMIT BUY > CONTROL MARKET SELL > CONTROL MARKET SELL,CONTROL LIMIT BUY > CONTROL MARKET SELL > CONTROL MARKET SELL > CONTROL LIMIT BUY > CONTROL MARKET SELL > CONTROL MARKET SELL,SHORT,35,34,0,YES,,,,,,,,,,,,,,,,,,,60.69687511,57.51916252,83464.19436422,-1.1868126,17.61425215,0.80045375,36.50703375,8.61973709,17.11640415,27.29308881,1.342717,1.41461299,-9.20714447,1.23472648,1.23472648,-1.44428613,54.64409572,77.13132792,83466.74039311,-0.88174126,13.60771521,2.95329546,26.91484014,8.9780886,17.78694372,27.15201578,0.75258201,0.82447157,-10.01565436,0.64469083,0.64469083,-2.25363385,52.17675071,95.09216756,83470.67395303,-0.41044918,11.01382611,2.83823761,20.72263949,9.33167841,18.40716871,27.6914633,0.337482,0.40936518,-10.3431359,0.22964779,0.22964779,-2.5818287,51.68812975,128.33458828,83477.72531413,0.43428521,7.78017653,1.71609339,13.19591956,9.86707186,19.32013129,28.80814921,-0.05146134,0.02041297,-10.14764216,-0.15927974,-0.15927974,-2.38704899,0,87.7,0,87.7,0,87.7,7.2,87.7
2026-09-30 22:37:00,LONG,83543.1,"10,15,20,30",4,0,0,0,"10,15,20,30",,5.53313955,9.69301073,9.32123889,39.05381205,60.94618795,785.981,26.595,26.595,4,0,5,3,13.012,0,19.73,13.634,13.012,0,19.73,13.634,CONTROL MARKET BUY > CONTROL LIMIT BUY > CONTROL LIMIT BUY > CONTROL MARKET BUY,CONTROL LIMIT SELL > CONTROL LIMIT BUY > CONTROL MARKET SELL > CONTROL MARKET SELL > CONTROL MARKET BUY > CONTROL LIMIT BUY > CONTROL LIMIT BUY > CONTROL MARKET BUY,LONG,36,,34,NO,2026-09-30 22:39:00,2,CONTROL MARKET BUY,0.60102368,0.60102368,0,BUY,75.79872204,64.6,10.50406504,48.228,40.806,55.547,99.96918336,43.6,5.21865694,-7.01100438,7.01100438,96.25025008,52.16330519,83531.43607359,-1.39635172,17.30186964,17.30186964,17.30186964,40.7242306,39.02325903,33.5804737,2.6334171,-1.52410052,-1.15267964,8.16764589,8.16764589,8.16764589,89.4358325,64.18376066,83523.28170488,-2.37278693,21.25133998,21.25133998,21.25133998,39.70284925,37.3324855,30.35327387,1.47172064,-2.68571999,-2.31430599,7.0053252,7.0053252,7.0053252,83.07978566,78.34417444,83517.3615786,-3.0818049,20.44981198,20.44981198,20.44981198,38.9852099,36.16028074,28.17878791,0.41741255,-3.73988458,-3.3684834,5.9506544,5.9506544,5.9506544,74.94210256,108.71091571,83510.28230552,-3.92977889,16.31675724,16.31675724,16.31675724,38.14639456,34.80910743,25.75894061,-1.16617044,-5.32316186,-4.95178799,4.36678221,4.36678221,4.36678221,106.9,0,133.7,0,200.7,0,239.8,0
2026-09-30 22:39:00,LONG,83590,"10,15,20,30",4,0,4,0,"10,15,20,30","10,15,20,30",6.1169108,11.15011456,13.02088013,41.54112929,58.45887071,826.787,67.401,67.401,2,1,5,3,7.193,45.998,19.73,56.501,7.193,45.998,19.73,56.501,CONTROL LIMIT BUY > CONTROL MARKET BUY > CONTROL LIMIT SELL,CONTROL LIMIT BUY > CONTROL MARKET SELL > CONTROL MARKET SELL > CONTROL MARKET BUY > CONTROL LIMIT BUY > CONTROL LIMIT BUY > CONTROL MARKET BUY > CONTROL LIMIT SELL,LONG,2,0,-4,YES,,,,,,,,,,,,,,,,,,,58.74971327,74.39696475,83531.43607359,-7.01100438,-20.19866717,-20.19866717,-20.19866717,64.43867193,62.95789017,58.21967034,2.05091833,-2.98123556,-4.85032129,8.16764589,8.16764589,8.16764589,59.80971498,87.50394804,83523.28170488,-7.98798775,-8.37477755,-8.37477755,-8.37477755,65.18415056,63.02303662,56.65993243,0.88858052,-4.14348018,-6.0125313,7.0053252,7.0053252,7.0053252,59.48972382,102.08386948,83517.3615786,-8.69740375,-3.14024986,-3.14024986,-3.14024986,65.36065706,62.72490495,55.27790882,-0.16629929,-5.1981863,-7.06717291,5.9506544,5.9506544,5.9506544,58.58304474,132.78787516,83510.28230552,-9.54585379,-0.04230058,-0.04230058,-0.04230058,65.4099346,62.22335401,53.58187821,-1.75072834,-6.78224533,-8.6510945,4.36678221,4.36678221,4.36678221,86.8,13.7,86.8,13.7,153.8,13.7,236.5,13.7
2026-09-30 22:51:00,LONG,83690.1,"10,15,20,30",4,0,0,0,"10,15,20,30",,10.04711379,3.51419484,10.45420782,41.99168233,58.00831767,761.647,-21.756,-48.835,3,1,6,3,28.705,10.701,56.027,29.721,28.705,10.701,56.027,29.721,CONTROL MARKET BUY > CONTROL LIMIT BUY > CONTROL MARKET SELL > CONTROL MARKET BUY,CONTROL MARKET BUY > CONTROL MARKET BUY > CONTROL MARKET BUY > CONTROL LIMIT SELL > CONTROL MARKET SELL > CONTROL MARKET BUY > CONTROL LIMIT BUY > CONTROL MARKET SELL > CONTROL MARKET BUY,LONG,14,12,8,YES,2026-09-30 22:52:00,1,CONTROL LIMIT BUY,1,-0.2504013,1,SELL,64.92842536,29.2,2.79425837,24.257,23.397,25.459,99.72101674,17.2,2.05519882,-12.48331273,12.48331273,60.55278122,77.39501406,83603.03571604,-10.41400988,5.93326481,9.80032653,6.69088033,-5.4314748,-10.27675735,6.75133752,-7.17876337,-0.10226327,-1.88261981,2.86861353,3.41200206,8.57158045,59.37551506,101.33616046,83587.05073364,-12.32837688,4.50659899,7.49327871,3.72627758,-3.44484171,-6.45675298,15.59234001,-7.55568289,-0.41244027,-2.819855,2.49315243,3.10211765,7.63488065,58.60126212,121.88628439,83575.64684761,-13.69455777,3.74808989,6.24681778,2.64182251,-2.12728235,-4.05758783,20.62982907,-7.78912391,-0.62953252,-3.47651211,2.26082703,2.88530233,6.97882068,57.66027602,158.94844777,83559.95866358,-15.57460517,2.87870226,4.80076693,1.74683255,-0.56300479,-1.29558963,26.10337373,-8.11822304,-0.98226023,-4.50798057,1.93337111,2.53311742,5.94853193,29.8,2.1,53.7,2.1,146.4,2.1,146.4,2.1
