TIME,HALF_LIFE,SIDE,PRICE,LOCAL_DOM_PCT,LOCAL_MASS,DOMINANT_ANCHOR,PRICE_REWARD_BPS,SESSION_DOM_PCT,OI_FLOW,CONTROL,CONFIRM_TIME,INVALIDATION_TIME,PRICE_+5M,PRICE_+10M,PRICE_+20M,PRICE_+30M,MFE,MAE
2026-09-30 20:05:00,10,LONG,83546.4,96.82988554,78.60962761,83520.90206656,-3.05288051,37.4544568239173 / 62.54554317608271,771.377,CONTROL LIMIT SELL,2026-09-30 20:06:00,,83541.2,83558.8,83631.2,83481.7,12.04121303,-8.73765955
2026-09-30 20:06:00,10,LONG,83547.7,88.77377763,80.00137601,83520.90206656,-3.20853017,38.515170220979066 / 61.484829779020934,773.102,CONTROL LIMIT BUY,2026-09-30 20:23:00,,83536.1,83551.4,83628.8,83461.2,11.88542593,-10.353367
2026-09-30 21:26:00,10,SHORT,83399.4,89.61555952,67.98035751,83411.46819698,-1.44682707,43.02466445281845 / 56.97533554718155,718.967,CONTROL LIMIT BUY,2026-09-30 21:27:00,,83506.3,83453.4,83378.8,83475.6,2.98563299,-16.28309077
2026-09-30 21:27:00,10,SHORT,83385.8,74.57243156,76.22291633,83411.46819698,-3.07729831,41.982005460453365 / 58.01799453954665,722.524,CONTROL LIMIT SELL,,2026-09-30 21:28:00,83535.2,83424.8,83387.3,83486.3,1.3551468,-17.91671963
2026-09-30 21:40:00,10,SHORT,83415.9,75.81015864,64.79100735,83420.69019576,-0.57422155,44.03627929435297 / 55.96372070564701,736.098,CONTROL LIMIT BUY,,2026-09-30 21:53:00,83384,83401.2,83479.7,83462.8,4.96308258,-8.43963801
2026-09-30 22:01:00,10,LONG,83474.1,60.69687511,57.51916252,83464.19436422,-1.1868126,42.61307475101695 / 57.386925248983054,784.73,CONTROL MARKET SELL,,2026-09-30 22:03:00,83386.4,83452,83400,83421.1,0.86254299,-10.50625284
2026-09-30 22:37:00,10,LONG,83543.1,96.25025008,52.16330519,83531.43607359,-1.39635172,39.053812050311855 / 60.94618794968816,785.981,CONTROL LIMIT SELL,2026-09-30 22:39:00,,83650,83640.9,83743.8,83748.1,28.70374693,0.38303582
2026-09-30 22:39:00,10,LONG,83590,58.74971327,74.39696475,83531.43607359,-7.01100438,41.541129291799436 / 58.45887070820055,826.787,CONTROL MARKET BUY,2026-09-30 22:40:00,,83676.7,83624.5,83724.5,83826.5,28.292858,-1.63895203
2026-09-30 22:51:00,10,LONG,83690.1,60.55278122,77.39501406,83603.03571604,-10.41400988,41.99168232814212 / 58.00831767185789,761.647,CONTROL LIMIT SELL,2026-09-30 22:52:00,,83714.1,83732.9,,,17.4931085,-0.25092574
2026-09-30 18:52:00,15,SHORT,83562.9,68.5996106,55.61129873,83594.94598516,-3.83348357,72.36592942385309 / 27.634070576146907,606.83,CONTROL LIMIT BUY,2026-09-30 19:16:00,,83546.8,83500.1,83503.2,83432.4,18.26169269,-2.07029675
2026-09-30 19:10:00,15,SHORT,83431.1,85.79278126,53.49990485,83492.94758401,-7.40752193,77.11323277624032 / 22.88676722375967,649.792,CONTROL LIMIT BUY,2026-09-30 19:16:00,,83433.5,83458.1,83425.7,83478.9,2.49307512,-8.64186137
2026-09-30 19:41:00,15,LONG,83466.6,73.74730572,73.42270502,83431.18012453,-4.24540027,45.943867389601564 / 54.05613261039844,707.322,CONTROL LIMIT BUY,2026-09-30 19:51:00,,83481.6,83479.8,83467.7,83536.1,11.70528091,-1.53354755
2026-09-30 20:05:00,15,LONG,83546.4,93.03621967,94.74494762,83509.27364088,-4.4457768,37.4544568239173 / 62.54554317608271,771.377,CONTROL LIMIT SELL,2026-09-30 20:06:00,,83541.2,83558.8,83631.2,83481.7,12.04121303,-8.73765955
2026-09-30 20:06:00,15,LONG,83547.7,86.66025526,97.12241775,83509.27364088,-4.60144813,38.515170220979066 / 61.484829779020934,773.102,CONTROL LIMIT BUY,2026-09-30 20:23:00,,83536.1,83551.4,83628.8,83461.2,11.88542593,-10.353367
2026-09-30 20:27:00,15,LONG,83607.4,87.15518586,58.00360864,83545.49369355,-7.40989175,37.23379737771162 / 62.76620262228838,776.813,CONTROL MARKET SELL,,2026-09-30 20:30:00,83522.6,83469.6,83499.3,83484.6,-0.87312846,-17.64197906
2026-09-30 21:26:00,15,SHORT,83399.4,82.75870744,76.5008999,83412.92212543,-1.62110679,43.02466445281845 / 56.97533554718155,718.967,CONTROL LIMIT BUY,2026-09-30 21:27:00,,83506.3,83453.4,83378.8,83475.6,2.98563299,-16.28309077
2026-09-30 21:27:00,15,SHORT,83385.8,70.42317224,85.84124196,83412.92212543,-3.25154961,41.982005460453365 / 58.01799453954665,722.524,CONTROL LIMIT SELL,,2026-09-30 21:28:00,83535.2,83424.8,83387.3,83486.3,1.3551468,-17.91671963
2026-09-30 21:40:00,15,SHORT,83415.9,72.27074442,83.08939655,83421.17733963,-0.6326139,44.03627929435297 / 55.96372070564701,736.098,CONTROL LIMIT BUY,,2026-09-30 21:53:00,83384,83401.2,83479.7,83462.8,4.96308258,-8.43963801
2026-09-30 22:37:00,15,LONG,83543.1,89.4358325,64.18376066,83523.28170488,-2.37278693,39.053812050311855 / 60.94618794968816,785.981,CONTROL LIMIT SELL,2026-09-30 22:39:00,,83650,83640.9,83743.8,83748.1,28.70374693,0.38303582
2026-09-30 22:39:00,15,LONG,83590,59.80971498,87.50394804,83523.28170488,-7.98798775,41.541129291799436 / 58.45887070820055,826.787,CONTROL MARKET BUY,2026-09-30 22:40:00,,83676.7,83624.5,83724.5,83826.5,28.292858,-1.63895203
2026-09-30 22:51:00,15,LONG,83690.1,59.37551506,101.33616046,83587.05073364,-12.32837688,41.99168232814212 / 58.00831767185789,761.647,CONTROL LIMIT SELL,2026-09-30 22:52:00,,83714.1,83732.9,,,17.4931085,-0.25092574
2026-09-30 18:37:00,20,SHORT,83627.7,68.87828475,61.40536678,83630.55951278,-0.341922,73.65490903895599 / 26.345090961044004,623.406,CONTROL MARKET BUY,2026-09-30 18:51:00,,83580.2,83526.2,83546.8,83508.3,17.58986556,0.86095875
2026-09-30 18:52:00,20,SHORT,83562.9,68.46909637,64.88874258,83601.19843856,-4.58108727,72.36592942385309 / 27.634070576146907,606.83,CONTROL LIMIT BUY,2026-09-30 19:11:00,,83546.8,83500.1,83503.2,83432.4,18.26169269,-2.07029675
2026-09-30 19:10:00,20,SHORT,83431.1,82.92508207,64.21258515,83509.39779676,-9.3759264,77.11323277624032 / 22.88676722375967,649.792,CONTROL LIMIT BUY,2026-09-30 19:11:00,,83433.5,83458.1,83425.7,83478.9,2.49307512,-8.64186137
2026-09-30 19:11:00,20,SHORT,83495.7,71.44628592,71.99045321,83509.39779676,-1.64027009,72.93553242340258 / 27.064467576597416,655.77,CONTROL LIMIT SELL,2026-09-30 19:16:00,,83419.5,83446.2,83457.1,83466.6,10.22807163,-0.89824985
2026-09-30 19:41:00,20,LONG,83466.6,72.0110415,95.78812017,83435.32796931,-3.7480563,45.943867389601564 / 54.05613261039844,707.322,CONTROL LIMIT BUY,2026-09-30 19:51:00,,83481.6,83479.8,83467.7,83536.1,11.70528091,-1.53354755
2026-09-30 20:03:00,20,LONG,83470.2,79.49606247,62.47024572,83447.60376133,-2.70783553,43.59529336886334 / 56.40470663113666,696.677,CONTROL LIMIT SELL,2026-09-30 20:06:00,,83564.3,83570.1,83640,83519.6,21.18121198,0.38337035
2026-09-30 20:05:00,20,LONG,83546.4,89.38937724,112.63324858,83500.93222299,-5.44518196,37.4544568239173 / 62.54554317608271,771.377,CONTROL LIMIT SELL,2026-09-30 20:06:00,,83541.2,83558.8,83631.2,83481.7,12.04121303,-8.73765955
2026-09-30 20:06:00,20,LONG,83547.7,84.23595523,115.45254665,83500.93222299,-5.60086885,38.515170220979066 / 61.484829779020934,773.102,CONTROL LIMIT BUY,2026-09-30 20:23:00,,83536.1,83551.4,83628.8,83461.2,11.88542593,-10.353367
2026-09-30 20:23:00,20,LONG,83640,80.39873577,67.10831062,83500.93222299,-16.65463766,38.9903764842795 / 61.00962351572049,758.627,CONTROL MARKET BUY,,2026-09-30 20:31:00,83600.1,83519.6,83560.1,83494.5,-0.75322812,-21.53275945
2026-09-30 20:27:00,20,LONG,83607.4,85.14385776,77.08117761,83531.20332009,-9.12194209,37.23379737771162 / 62.76620262228838,776.813,CONTROL MARKET SELL,,2026-09-30 20:31:00,83522.6,83469.6,83499.3,83484.6,-0.87312846,-17.64197906
2026-09-30 21:26:00,20,SHORT,83399.4,75.5557695,86.52107201,83415.03763443,-1.8746781,43.02466445281845 / 56.97533554718155,718.967,CONTROL LIMIT BUY,2026-09-30 21:27:00,,83506.3,83453.4,83378.8,83475.6,2.98563299,-16.28309077
2026-09-30 21:27:00,20,SHORT,83385.8,65.52414513,96.36884667,83415.03763443,-3.50507957,41.982005460453365 / 58.01799453954665,722.524,CONTROL LIMIT SELL,,2026-09-30 21:28:00,83535.2,83424.8,83387.3,83486.3,1.3551468,-17.91671963
2026-09-30 21:40:00,20,SHORT,83415.9,68.54588878,98.68040701,83422.20476182,-0.75576543,44.03627929435297 / 55.96372070564701,736.098,CONTROL LIMIT BUY,,2026-09-30 21:53:00,83384,83401.2,83479.7,83462.8,4.96308258,-8.43963801
2026-09-30 22:37:00,20,LONG,83543.1,83.07978566,78.34417444,83517.3615786,-3.0818049,39.053812050311855 / 60.94618794968816,785.981,CONTROL LIMIT SELL,2026-09-30 22:39:00,,83650,83640.9,83743.8,83748.1,28.70374693,0.38303582
2026-09-30 22:39:00,20,LONG,83590,59.48972382,102.08386948,83517.3615786,-8.69740375,41.541129291799436 / 58.45887070820055,826.787,CONTROL MARKET BUY,2026-09-30 22:40:00,,83676.7,83624.5,83724.5,83826.5,28.292858,-1.63895203
2026-09-30 22:51:00,20,LONG,83690.1,58.60126212,121.88628439,83575.64684761,-13.69455777,41.99168232814212 / 58.00831767185789,761.647,CONTROL LIMIT SELL,2026-09-30 22:52:00,,83714.1,83732.9,,,17.4931085,-0.25092574
2026-09-30 18:37:00,30,SHORT,83627.7,69.43622091,70.97716536,83633.47880404,-0.69096779,73.65490903895599 / 26.345090961044004,623.406,CONTROL MARKET BUY,2026-09-30 18:51:00,,83580.2,83526.2,83546.8,83508.3,17.58986556,0.86095875
2026-09-30 18:51:00,30,SHORT,83544.9,58.67713233,60.77922828,83633.47880404,-10.59130928,68.09708197038579 / 31.902918029614213,587.55,CONTROL LIMIT SELL,2026-09-30 19:11:00,,83544.8,83514.8,83495.7,83446.2,16.11109715,-4.22527288
2026-09-30 18:52:00,30,SHORT,83562.9,68.80417529,78.67102879,83608.33958967,-5.43481546,72.36592942385309 / 27.634070576146907,606.83,CONTROL LIMIT BUY,2026-09-30 19:11:00,,83546.8,83500.1,83503.2,83432.4,18.26169269,-2.07029675
2026-09-30 19:09:00,30,SHORT,83440.5,74.99442644,66.26600915,83563.9299531,-14.77072143,74.67689154565416 / 25.32310845434585,629.67,CONTROL LIMIT BUY,2026-09-30 19:11:00,,83463.7,83413.3,83444,83474.1,3.61934552,-7.51433656
2026-09-30 19:10:00,30,SHORT,83431.1,80.13057078,81.49067441,83529.88143751,-11.82588025,77.11323277624032 / 22.88676722375967,649.792,CONTROL LIMIT BUY,2026-09-30 19:11:00,,83433.5,83458.1,83425.7,83478.9,2.49307512,-8.64186137
2026-09-30 19:11:00,30,SHORT,83495.7,71.21802657,89.59460927,83529.88143751,-4.09212092,72.93553242340258 / 27.064467576597416,655.77,CONTROL LIMIT SELL,2026-09-30 19:16:00,,83419.5,83446.2,83457.1,83466.6,10.22807163,-0.89824985
2026-09-30 19:41:00,30,LONG,83466.6,68.6615645,130.46786443,83442.244924,-2.91879443,45.943867389601564 / 54.05613261039844,707.322,CONTROL LIMIT BUY,2026-09-30 19:51:00,,83481.6,83479.8,83467.7,83536.1,11.70528091,-1.53354755
2026-09-30 20:03:00,30,LONG,83470.2,74.10334434,96.30639489,83449.09284685,-2.52934483,43.59529336886334 / 56.40470663113666,696.677,CONTROL LIMIT SELL,2026-09-30 20:06:00,,83564.3,83570.1,83640,83519.6,21.18121198,0.38337035
2026-09-30 20:05:00,30,LONG,83546.4,83.72299366,146.30380091,83492.2661797,-6.48369277,37.4544568239173 / 62.54554317608271,771.377,CONTROL LIMIT SELL,2026-09-30 20:06:00,,83541.2,83558.8,83631.2,83481.7,12.04121303,-8.73765955
2026-09-30 20:06:00,30,LONG,83547.7,79.99844557,149.61821747,83492.2661797,-6.63939582,38.515170220979066 / 61.484829779020934,773.102,CONTROL LIMIT BUY,2026-09-30 20:23:00,,83536.1,83551.4,83628.8,83461.2,11.88542593,-10.353367
2026-09-30 20:23:00,30,LONG,83640,77.64865812,104.07547596,83492.2661797,-17.69431195,38.9903764842795 / 61.00962351572049,758.627,CONTROL MARKET BUY,,2026-09-30 20:31:00,83600.1,83519.6,83560.1,83494.5,-0.75322812,-21.53275945
2026-09-30 20:27:00,30,LONG,83607.4,81.32178504,113.54795194,83515.5325345,-11.00004547,37.23379737771162 / 62.76620262228838,776.813,CONTROL MARKET SELL,,2026-09-30 20:31:00,83522.6,83469.6,83499.3,83484.6,-0.87312846,-17.64197906
2026-09-30 21:12:00,30,LONG,83592.1,88.15925713,63.32726482,83532.47282804,-7.13820266,34.44345319099981 / 65.5565468090002,675.924,CONTROL LIMIT SELL,,2026-09-30 21:18:00,83530,83448,83535.2,83415.7,-1.31591382,-24.67936563
2026-09-30 21:26:00,30,SHORT,83399.4,63.55060474,110.83773971,83421.9640563,-2.70481,43.02466445281845 / 56.97533554718155,718.967,CONTROL LIMIT BUY,2026-09-30 21:27:00,,83506.3,83453.4,83378.8,83475.6,2.98563299,-16.28309077
2026-09-30 21:40:00,30,SHORT,83415.9,61.5077898,128.32643543,83426.29883963,-1.24647021,44.03627929435297 / 55.96372070564701,736.098,CONTROL LIMIT BUY,,2026-09-30 21:53:00,83384,83401.2,83479.7,83462.8,4.96308258,-8.43963801
2026-09-30 22:37:00,30,LONG,83543.1,74.94210256,108.71091571,83510.28230552,-3.92977889,39.053812050311855 / 60.94618794968816,785.981,CONTROL LIMIT SELL,2026-09-30 22:39:00,,83650,83640.9,83743.8,83748.1,28.70374693,0.38303582
2026-09-30 22:39:00,30,LONG,83590,58.58304474,132.78787516,83510.28230552,-9.54585379,41.541129291799436 / 58.45887070820055,826.787,CONTROL MARKET BUY,2026-09-30 22:40:00,,83676.7,83624.5,83724.5,83826.5,28.292858,-1.63895203
2026-09-30 22:51:00,30,LONG,83690.1,57.66027602,158.94844777,83559.95866358,-15.57460517,41.99168232814212 / 58.00831767185789,761.647,CONTROL LIMIT SELL,2026-09-30 22:52:00,,83714.1,83732.9,,,17.4931085,-0.25092574
