SIDE,START TIME,START PRICE,HALF LIFE,START DOM %,START MASS,START ANCHOR,START REWARD,PEAK DOM %,PEAK MASS,CONFIRM TIME,CONFIRM PRICE,INVALIDATION TIME,END TIME,END PRICE,MFE,MAE,MFE_BPS,MAE_BPS,DURATION,FINAL STATE,END REASON
LONG,2026-09-30 20:05:00,83546.4,10,96.82988554,78.60962761,83520.90206656,-3.05288051,98.96428434,80.00137601,2026-09-30 20:06:00,83547.7,,2026-09-30 21:21:00,83409.6,100.6,136.8,12.04121303,16.37413461,76,LONG_CONFIRMED,BIAS_RELEASED
SHORT,2026-09-30 21:26:00,83399.4,10,89.61555952,67.98035751,83411.46819698,-1.44682707,89.61555952,76.22291633,2026-09-30 21:27:00,83385.8,,2026-09-30 21:55:00,83446.4,24.9,135.8,2.98563299,16.28309077,29,SHORT_CONFIRMED,BIAS_RELEASED
LONG,2026-09-30 22:01:00,83474.1,10,60.69687511,57.51916252,83464.19436422,-1.1868126,60.69687511,57.51916252,,,2026-09-30 22:03:00,2026-09-30 22:03:00,83440,0,34.1,0,4.08509945,2,NEUTRAL,INVALIDATED
LONG,2026-09-30 22:37:00,83543.1,10,96.25025008,52.16330519,83531.43607359,-1.39635172,96.25025008,74.39696475,2026-09-30 22:39:00,83590,,2026-09-30 22:42:00,83650,106.9,0,12.79579044,0,5,LONG_CONFIRMED,BIAS_RELEASED
LONG,2026-09-30 22:51:00,83690.1,10,60.55278122,77.39501406,83603.03571604,-10.41400988,60.55278122,96.4691015,2026-09-30 22:52:00,83707.4,,2026-09-30 22:53:00,83700.1,17.3,0,2.06715012,0,2,LONG_CONFIRMED,BIAS_RELEASED
SHORT,2026-09-30 18:52:00,83562.9,15,68.5996106,55.61129873,83594.94598516,-3.83348357,85.79278126,81.68371817,2026-09-30 19:16:00,83419.5,,2026-09-30 19:17:00,83416.2,146.7,17.3,17.55563773,2.07029675,25,SHORT_CONFIRMED,BIAS_RELEASED
LONG,2026-09-30 19:41:00,83466.6,15,73.74730572,73.42270502,83431.18012453,-4.24540027,96.4344434,97.12241775,2026-09-30 19:51:00,83479.8,,2026-09-30 21:23:00,83473,180.4,57,21.61343579,6.82907894,102,LONG_CONFIRMED,BIAS_RELEASED
SHORT,2026-09-30 21:26:00,83399.4,15,82.75870744,76.5008999,83412.92212543,-1.62110679,82.75870744,85.84124196,2026-09-30 21:27:00,83385.8,,2026-09-30 21:55:00,83446.4,24.9,135.8,2.98563299,16.28309077,29,SHORT_CONFIRMED,BIAS_RELEASED
LONG,2026-09-30 22:37:00,83543.1,15,89.4358325,64.18376066,83523.28170488,-2.37278693,89.4358325,103.08370885,2026-09-30 22:39:00,83590,,2026-09-30 22:43:00,83676.8,133.7,0,16.00371545,0,6,LONG_CONFIRMED,BIAS_RELEASED
LONG,2026-09-30 22:51:00,83690.1,15,59.37551506,101.33616046,83587.05073364,-12.32837688,59.37551506,121.01698198,2026-09-30 22:52:00,83707.4,,2026-09-30 22:53:00,83700.1,17.3,0,2.06715012,0,2,LONG_CONFIRMED,BIAS_RELEASED
SHORT,2026-09-30 18:37:00,83627.7,20,68.87828475,61.40536678,83630.55951278,-0.341922,82.92508207,93.76551404,2026-09-30 18:51:00,83544.9,,2026-09-30 19:16:00,83419.5,208.2,0,24.89605717,0,39,SHORT_CONFIRMED,BIAS_RELEASED
LONG,2026-09-30 19:41:00,83466.6,20,72.0110415,95.78812017,83435.32796931,-3.7480563,93.45203423,115.45254665,2026-09-30 19:51:00,83479.8,,2026-09-30 21:23:00,83473,180.4,57,21.61343579,6.82907894,102,LONG_CONFIRMED,BIAS_RELEASED
SHORT,2026-09-30 21:26:00,83399.4,20,75.5557695,86.52107201,83415.03763443,-1.8746781,75.5557695,98.68040701,2026-09-30 21:27:00,83385.8,,2026-09-30 22:01:00,83474.1,24.9,135.8,2.98563299,16.28309077,35,SHORT_CONFIRMED,BIAS_RELEASED
LONG,2026-09-30 22:37:00,83543.1,20,83.07978566,78.34417444,83517.3615786,-3.0818049,83.07978566,119.44957939,2026-09-30 22:39:00,83590,,2026-09-30 22:43:00,83676.8,133.7,0,16.00371545,0,6,LONG_CONFIRMED,BIAS_RELEASED
LONG,2026-09-30 22:51:00,83690.1,20,58.60126212,121.88628439,83575.64684761,-13.69455777,58.60126212,141.99139009,2026-09-30 22:52:00,83707.4,,2026-09-30 22:53:00,83700.1,17.3,0,2.06715012,0,2,LONG_CONFIRMED,BIAS_RELEASED
SHORT,2026-09-30 18:37:00,83627.7,30,69.43622091,70.97716536,83633.47880404,-0.69096779,80.13057078,136.80864794,2026-09-30 18:51:00,83544.9,,2026-09-30 19:19:00,83413.3,217.4,0,25.99617113,0,42,SHORT_CONFIRMED,BIAS_RELEASED
LONG,2026-09-30 19:41:00,83466.6,30,68.6615645,130.46786443,83442.244924,-2.91879443,88.15925713,149.61821747,2026-09-30 19:51:00,83479.8,,2026-09-30 21:26:00,83399.4,180.4,67.2,21.61343579,8.05112464,105,LONG_CONFIRMED,OPPOSITE_CANDIDATE
SHORT,2026-09-30 21:26:00,83399.4,30,63.55060474,110.83773971,83421.9640563,-2.70481,63.55060474,128.33458828,2026-09-30 21:27:00,83385.8,,2026-09-30 22:01:00,83474.1,24.9,135.8,2.98563299,16.28309077,35,SHORT_CONFIRMED,BIAS_RELEASED
LONG,2026-09-30 22:37:00,83543.1,30,74.94210256,108.71091571,83510.28230552,-3.92977889,74.94210256,151.88554926,2026-09-30 22:39:00,83590,,2026-09-30 22:43:00,83676.8,133.7,0,16.00371545,0,6,LONG_CONFIRMED,BIAS_RELEASED
LONG,2026-09-30 22:51:00,83690.1,30,57.66027602,158.94844777,83559.95866358,-15.57460517,57.66027602,179.57506021,2026-09-30 22:52:00,83707.4,,2026-09-30 22:53:00,83700.1,17.3,0,2.06715012,0,2,LONG_CONFIRMED,BIAS_RELEASED
