candidate_id,time_panama,direction,signal_price,failed_side,pressure_time,decay_time,counter_time,MFE_5m,MAE_5m,MFE_15m,MAE_15m,MFE_30m,MAE_30m,MFE_60m,MAE_60m,target_025,time_to_025,target_050,time_to_050,target_075,time_to_075,target_100,time_to_100
R01,2026-09-30 14:54:00,BUY,83474.3,SELL,2026-09-30 14:50:00,2026-09-30 14:52:00,2026-09-30 14:54:00,0.1347,-0.0249,0.1871,-0.0249,0.2916,-0.0249,0.3237,-0.0249,YES,29,NO,,NO,,NO,
R02,2026-09-30 15:01:00,SELL,83563.0,BUY,2026-09-30 14:55:00,2026-09-30 14:56:00,2026-09-30 15:01:00,0.0858,0.0349,0.0858,0.0845,0.0858,0.2172,0.0858,0.2172,NO,,NO,,NO,,NO,
R03,2026-09-30 18:16:00,BUY,83687.1,SELL,2026-09-30 18:14:00,2026-09-30 18:15:00,2026-09-30 18:16:00,0.1443,-0.0247,0.1443,-0.1041,0.1443,-0.2481,0.1443,-0.3302,NO,,NO,,NO,,NO,
R04,2026-09-30 18:28:00,SELL,83647.6,BUY,2026-09-30 18:21:00,2026-09-30 18:17:00,2026-09-30 18:28:00,0.2010,0.0068,0.2010,0.0068,0.2010,0.0068,0.3319,0.0068,YES,41,NO,,NO,,NO,
R05,2026-09-30 19:19:00,BUY,83413.3,SELL,2026-09-30 19:09:00,2026-09-30 19:12:00,2026-09-30 19:19:00,0.0722,-0.0001,0.0722,-0.0233,0.1638,-0.0233,0.2582,-0.0233,YES,60,NO,,NO,,NO,
R06,2026-09-30 19:36:00,BUY,83479.1,SELL,2026-09-30 19:21:00,2026-09-30 19:20:00,2026-09-30 19:36:00,0.0399,-0.0408,0.0848,-0.0408,0.0884,-0.0408,0.2177,-0.0408,NO,,NO,,NO,,NO,
R07,2026-09-30 19:39:00,BUY,83474.1,SELL,2026-09-30 19:37:00,2026-09-30 19:38:00,2026-09-30 19:39:00,0.0730,-0.0206,0.0908,-0.0349,0.1350,-0.0349,0.2237,-0.0453,NO,,NO,,NO,,NO,
R08,2026-09-30 20:17:00,BUY,83584.6,SELL,2026-09-30 20:09:00,2026-09-30 20:10:00,2026-09-30 20:17:00,0.0912,-0.0001,0.0912,-0.1572,0.0912,-0.1774,0.0912,-0.1774,NO,,NO,,NO,,NO,
R09,2026-09-30 20:21:00,SELL,83613.5,BUY,2026-09-30 20:18:00,2026-09-30 20:19:00,2026-09-30 20:21:00,0.0287,0.0318,0.1946,0.0318,0.2119,0.0318,0.2440,0.0318,NO,,NO,,NO,,NO,
R10,2026-09-30 21:31:00,SELL,83506.3,BUY,2026-09-30 21:30:00,2026-09-30 21:29:00,2026-09-30 21:31:00,0.0635,0.0562,0.1528,0.0562,0.1752,0.0562,0.1752,0.0562,NO,,NO,,NO,,NO,
R11,2026-09-30 21:40:00,BUY,83415.9,SELL,2026-09-30 21:34:00,2026-09-30 21:32:00,2026-09-30 21:40:00,0.0231,-0.0391,0.0573,-0.0670,0.0885,-0.0670,0.2147,-0.0670,NO,,NO,,NO,,NO,
R12,2026-09-30 21:50:00,BUY,83401.2,SELL,2026-09-30 21:43:00,2026-09-30 21:41:00,2026-09-30 21:50:00,0.0749,-0.0078,0.1061,-0.0078,0.1248,-0.0235,0.3607,-0.0235,YES,52,NO,,NO,,NO,
R13,2026-09-30 22:02:00,SELL,83463.6,BUY,2026-09-30 22:00:00,2026-09-30 21:59:00,2026-09-30 22:02:00,0.0982,0.0043,0.0982,0.0500,0.0982,0.0500,0.0982,0.3515,NO,,NO,,NO,,NO,
R14,2026-09-30 22:07:00,BUY,83419.1,SELL,2026-09-30 22:06:00,2026-09-30 22:03:00,2026-09-30 22:07:00,0.0767,-0.0001,0.1033,-0.0229,0.1826,-0.0229,0.4422,-0.0229,YES,35,NO,,NO,,NO,
R15,2026-09-30 22:26:00,BUY,83464.2,SELL,2026-09-30 22:11:00,2026-09-30 22:08:00,2026-09-30 22:26:00,0.0435,-0.0516,0.1694,-0.0516,0.3149,-0.0516,0.4576,-0.0516,YES,17,NO,,NO,,NO,
R16,2026-09-30 22:40:00,SELL,83576.3,BUY,2026-09-30 22:39:00,2026-09-30 22:40:00,2026-09-30 22:40:00,0.0001,0.1504,0.0001,0.1803,0.0001,0.3228,0.0001,0.3228,NO,,NO,,NO,,NO,
R17,2026-09-30 22:45:00,SELL,83635.3,BUY,2026-09-30 22:41:00,2026-09-30 22:42:00,2026-09-30 22:45:00,0.0389,0.0770,0.0389,0.1324,0.0389,0.2520,0.0389,0.2520,NO,,NO,,NO,,NO,
R18,2026-09-30 22:51:00,SELL,83690.1,BUY,2026-09-30 22:50:00,2026-09-30 22:49:00,2026-09-30 22:51:00,0.0143,0.0399,0.0143,0.1170,0.0143,0.1864,0.0143,0.1864,NO,,NO,,NO,,NO,
R19,2026-09-30 22:55:00,SELL,83688.0,BUY,2026-09-30 22:52:00,2026-09-30 22:53:00,2026-09-30 22:55:00,0.0000,0.0693,0.0000,0.1889,0.0000,0.1889,0.0000,0.1889,NO,,NO,,NO,,NO,
